"","player","team","position","id","avg_type","pass_att","pass_att_sd","pass_comp","pass_comp_sd","pass_yds","pass_yds_sd","pass_tds","pass_tds_sd","pass_int","pass_int_sd","rush_att","rush_att_sd","rush_yds","rush_yds_sd","rush_tds","rush_tds_sd","fumbles_lost","fumbles_lost_sd","two_pts","two_pts_sd","return_tds","return_tds_sd","rec","rec_sd","rec_yds","rec_yds_sd","rec_tds","rec_tds_sd","dst_int","dst_int_sd","dst_sacks","dst_sacks_sd","dst_safety","dst_safety_sd","dst_td","dst_td_sd","dst_blk","dst_blk_sd","fg_0019","fg_0019_sd","fg_2029","fg_2029_sd","fg_3039","fg_3039_sd","fg_4049","fg_4049_sd","fg_50","fg_50_sd","xp","xp_sd","injury_status","injury_details","week","season_year"
"1","Patrick Mahomes","KC","QB","2558125","robust",38.14,1.067472,25.455,0.7413,286.3975,31.1346,2.03,0.0741300000000004,0.8,0,3.7,0.14826,19.1,3.246894,0.1,0,0.10875,0.0259455,0.13,0,0,NA,NA,NA,NA,NA,NA,NA,NA,NA,NA,NA,NA,NA,NA,NA,NA,NA,NA,NA,NA,NA,NA,NA,NA,NA,NA,NA,NA,NA,NA,NA,NA,NA
"2","Justin Herbert","LAC","QB","2565045","robust",39.1342475456605,2.550072,26,1.82375188811334,297.59,11.8608,2.015,0.14826,0.79,0.0889559999999999,3.225,0.148259999999999,11.7725,2.505594,0.1,0,0.09,0.029652,0.22,0,0,NA,NA,NA,NA,NA,NA,NA,NA,NA,NA,NA,NA,NA,NA,NA,NA,NA,NA,NA,NA,NA,NA,NA,NA,NA,NA,NA,NA,NA,NA,NA,NA,NA
"3","Tom Brady","TB","QB","2504211","robust",39.6,1.03782,26.6,1.03782,277.2,9.78516000000003,1.9575,0.103782,0.5,0.14826,1.64208333333333,0.163086,1.8275,1.33434,0.0625,0.044478,0.1625,0.0555975,0,NA,0,NA,NA,NA,NA,NA,NA,NA,NA,NA,NA,NA,NA,NA,NA,NA,NA,NA,NA,NA,NA,NA,NA,NA,NA,NA,NA,NA,NA,NA,NA,NA,NA,NA
"4","Joe Burrow","CIN","QB","2563722","robust",36.585,0.319020567926966,25.16,0.415128000000002,289.3075,4.4478,2.025,0.0741299999999997,0.8375,0.14826,3.6,0.29652,14.4625,4.29954,0.155,0.14826,0.1075,0.022239,0.13,0,0,NA,NA,NA,NA,NA,NA,NA,NA,NA,NA,NA,NA,NA,NA,NA,NA,NA,NA,NA,NA,NA,NA,NA,NA,NA,NA,NA,NA,NA,NA,NA,NA,NA
"5","Derek Carr","LVR","QB","2543499","robust",35,0.593040000000008,22.19,0.919212000000001,263.7625,9.93341999999998,1.75,0.118608,0.8475,0.163086,2.51245760127727,0.29652,9.8,0.607866,0.1,0,0.195,0.014826,0.06,0,0,NA,NA,NA,NA,NA,NA,NA,NA,NA,NA,NA,NA,NA,NA,NA,NA,NA,NA,NA,NA,NA,NA,NA,NA,NA,NA,NA,NA,NA,NA,NA,NA,NA
"6","Dak Prescott","DAL","QB","2555260","robust",34.775,1.33434,22.6,1.4826,262.02,9.34038000000002,2.0275,0.103782,0.695,0.014826,3.2,0.148259999999999,14.1075,0.489258,0.1625,0,0.21,0.029652,0.3,0,0,NA,NA,NA,NA,NA,NA,NA,NA,NA,NA,NA,NA,NA,NA,NA,NA,NA,NA,NA,NA,NA,NA,NA,NA,NA,NA,NA,NA,NA,NA,NA,NA,NA
"7","Matt Ryan","IND","QB","310","robust",36,2.120118,23.9,1.4826,267.47,14.129178,1.6,0.429954,0.9,0.14826,1.9,0.200151,4.4,1.215732,0.025,0,0.333333333333333,0.02471,0,NA,0,NA,NA,NA,NA,NA,NA,NA,NA,NA,NA,NA,NA,NA,NA,NA,NA,NA,NA,NA,NA,NA,NA,NA,NA,NA,NA,NA,NA,NA,NA,NA,NA,NA
"8","Tua Tagovailoa","MIA","QB","2564499","robust",35.035,1.03782,22.1522433341277,0.563387999999998,259.275,2.37216000000003,1.76,0.281694,0.8,0.0593040000000001,2.325,0.133434,7.525,1.4826,0.115,0.044478,0.06875,0.0037065,0.08,0,0,NA,NA,NA,NA,NA,NA,NA,NA,NA,NA,NA,NA,NA,NA,NA,NA,NA,NA,NA,NA,NA,NA,NA,NA,NA,NA,NA,NA,NA,NA,NA,NA,NA
"9","Jimmy Garoppolo","SF","QB","2543801","robust",32.42,1.02436292912628,21.6114241751193,0.468051928127524,255.93,6.81996000000003,1.7025,0.429954,0.8425,0.14826,1.67625,0.400302,4.31,0.326172,0.095,0.014826,0.1825,0.051891,0.06,0,0,NA,NA,NA,NA,NA,NA,NA,NA,NA,NA,NA,NA,NA,NA,NA,NA,NA,NA,NA,NA,NA,NA,NA,NA,NA,NA,NA,NA,NA,NA,NA,NA,NA
"10","Aaron Rodgers","GB","QB","2506363","robust",33.655,0.859907999999997,22.25,0.444779999999996,251.775,8.1543,1.8925,0.0593040000000001,0.3,0.0296519999999999,1.8,0,4.025,3.55824,0.0775,0,0.19375,0.0185325,0,NA,0,NA,NA,NA,NA,NA,NA,NA,NA,NA,NA,NA,NA,NA,NA,NA,NA,NA,NA,NA,NA,NA,NA,NA,NA,NA,NA,NA,NA,NA,NA,NA,NA,NA
"11","Geno Smith","SEA","QB","2539335","robust",32.3,1.97185800000001,22.4,0.889560000000002,244.1,7.413,1.73,0.29652,0.645,0.266868,4.29633493228402,0.29652,20.285,1.4826,0.2,0,0.0925,0.0111195,0,NA,0,NA,NA,NA,NA,NA,NA,NA,NA,NA,NA,NA,NA,NA,NA,NA,NA,NA,NA,NA,NA,NA,NA,NA,NA,NA,NA,NA,NA,NA,NA,NA,NA,NA
"12","Kenny Pickett","PIT","QB","2568162","robust",34.3923797530656,1.49671288758023,22.0270044718149,0.160147319651314,236.02,7.48712999999997,1.135,0.0889560000000001,1.025,0.14826,2.64004969336219,1.33434,11.815,4.15128,0.13,0.088956,0.0875,0.0185325,0.08,0,0,NA,NA,NA,NA,NA,NA,NA,NA,NA,NA,NA,NA,NA,NA,NA,NA,NA,NA,NA,NA,NA,NA,NA,NA,NA,NA,NA,NA,NA,NA,NA,NA,NA
"13","Andy Dalton","NO","QB","2495143","robust",29.6,1.764294,18.77,0.800603999999999,216.09,14.114352,1.15,0.044478,0.7675,0.103782,2.2,0.133434,7.5625,2.016336,0.1,0,0.1125,0.0926625,0.16,0,0,NA,NA,NA,NA,NA,NA,NA,NA,NA,NA,NA,NA,NA,NA,NA,NA,NA,NA,NA,NA,NA,NA,NA,NA,NA,NA,NA,NA,NA,NA,NA,NA,NA
"14","Kyler Murray","ARI","QB","2562382","robust",35.6287780728761,1.18608000000001,22.9426382742387,0.17008898922746,241.85,3.55824000000001,1.6,0.252042,0.8575,0.14826,7.15,1.18608,39,7.413,0.3,0.14826,0.10375,0.0111195,0.13,0,0,NA,NA,NA,NA,NA,NA,NA,NA,NA,NA,NA,NA,NA,NA,NA,NA,NA,NA,NA,NA,NA,NA,NA,NA,NA,NA,NA,NA,NA,NA,NA,NA,NA
"15","Davis Mills","HOU","QB","2566136","robust",33.6,1.85635442374239,22.0177926637535,1.18608,236.505,10.022376,1.2225,0.0593040000000001,0.86,0,1.33416666666667,0.29652,3.4,1.18608,0,0,0.1375,0.0555975,0.12,0,0,NA,NA,NA,NA,NA,NA,NA,NA,NA,NA,NA,NA,NA,NA,NA,NA,NA,NA,NA,NA,NA,NA,NA,NA,NA,NA,NA,NA,NA,NA,NA,NA,NA
"16","Jared Goff","DET","QB","2555334","robust",35.9118644333245,2.579724,21.9754959247261,2.07564,232.75,15.12252,1.4,0.0444779999999997,1.015,0.29652,1.85926448725257,0,5.3,0.148259999999999,0.05,0.07413,0.19625,0.0111195,0.23,0,0,NA,NA,NA,NA,NA,NA,NA,NA,NA,NA,NA,NA,NA,NA,NA,NA,NA,NA,NA,NA,NA,NA,NA,NA,NA,NA,NA,NA,NA,NA,NA,NA,NA
"17","Mac Jones","NE","QB","2566334","robust",29.3786730306626,3.85476,19.0720723127443,1.4826,213.1225,20.16336,1.26,0.252042,0.8925,0.14826,3.07019252446593,0.88956,11.6,6.96822,0.1,0,0.20125,0.0037065,0.12,0,0,NA,NA,NA,NA,NA,NA,NA,NA,NA,NA,NA,NA,NA,NA,NA,NA,NA,NA,NA,NA,NA,NA,NA,NA,NA,NA,NA,NA,NA,"Q","Ankle",7,2022
"18","Jacoby Brissett","CLE","QB","2555261","robust",33.8602889122948,2.21078736547309,21.0395348240988,0.946105320835701,228.5525,16.3086,1.155,0.177912,0.9,0.133434,3.52168031363271,0.247059534016286,13.865,0.578213999999998,0.1,0,0.18375,0.0481845,0.06,0,0,NA,NA,NA,NA,NA,NA,NA,NA,NA,NA,NA,NA,NA,NA,NA,NA,NA,NA,NA,NA,NA,NA,NA,NA,NA,NA,NA,NA,NA,NA,NA,NA,NA
"19","Brett Rypien","DEN","QB","2562718","robust",32.6,1.03782,20.295,0.859907999999997,228.06,9.592422,1,0.14826,0.95,0.14826,2.3775,0.459606,8,4.29954,0.05,0.029652,0.1,0,0.08,0,0,NA,NA,NA,NA,NA,NA,NA,NA,NA,NA,NA,NA,NA,NA,NA,NA,NA,NA,NA,NA,NA,NA,NA,NA,NA,NA,NA,NA,NA,NA,NA,NA,NA
"20","Lamar Jackson","BAL","QB","2560757","robust",30.5065865102938,2.2239,19.1025,1.30436012431355,223.35,6.52344000000001,1.7775,0.29652,0.9425,0.192738,9.61390180389955,0.429953999999999,65.4075,2.9652,0.425,0.14826,0.18625,0.0407715,0.09,0,0,NA,NA,NA,NA,NA,NA,NA,NA,NA,NA,NA,NA,NA,NA,NA,NA,NA,NA,NA,NA,NA,NA,NA,NA,NA,NA,NA,NA,NA,NA,NA,NA,NA
"21","Trevor Lawrence","JAC","QB","2566163","robust",33.3675,1.4826,20.8303372283114,1.33434,221.5375,7.56125999999999,1.2,0.177912,0.86,0.118608,3.84154851792871,0.29652,16.775,1.156428,0.14,0.07413,0.22,0.059304,0.12,0,0,NA,NA,NA,NA,NA,NA,NA,NA,NA,NA,NA,NA,NA,NA,NA,NA,NA,NA,NA,NA,NA,NA,NA,NA,NA,NA,NA,NA,NA,NA,NA,NA,NA
"22","Ryan Tannehill","TEN","QB","2532956","robust",28.55,1.77912,19.5025,2.52042,206.85,3.40998000000002,1.3125,0.22239,0.8,0.14826,3.1,0.14826,12.2875,2.37216,0.17,0.088956,0.10625,0.0185325,0.1,0,0,NA,NA,NA,NA,NA,NA,NA,NA,NA,NA,NA,NA,NA,NA,NA,NA,NA,NA,NA,NA,NA,NA,NA,NA,NA,NA,NA,NA,NA,NA,NA,NA,NA
"23","Zach Wilson","NYJ","QB","2566391","robust",31.5598760863365,1.11268485759012,18.934223100971,0.993342000000003,201.945,6.96821999999998,1.025,0.0593040000000001,0.9175,0.14826,3.1,0.29652,13.0325,3.009678,0.125,0.07413,0.135,0.096369,0.11,0,0,NA,NA,NA,NA,NA,NA,NA,NA,NA,NA,NA,NA,NA,NA,NA,NA,NA,NA,NA,NA,NA,NA,NA,NA,NA,NA,NA,NA,NA,NA,NA,NA,NA
"24","Taylor Heinicke","WAS","QB","2553656","robust",32.1369028147244,1.33434,20.8654839360612,1.304688,214.75,7.70951999999998,1.05,0.103782,0.915,0.118608,2.84172313220637,0.60275656838168,13.04,1.77912,0.1,0,0.10375,0.0111195,0.11,0,0,NA,NA,NA,NA,NA,NA,NA,NA,NA,NA,NA,NA,NA,NA,NA,NA,NA,NA,NA,NA,NA,NA,NA,NA,NA,NA,NA,NA,NA,NA,NA,NA,NA
"25","Marcus Mariota","ATL","QB","2552466","robust",27.575,1.03782,16.7,0.296519999999999,196.525,9.04385999999999,1.075,0.14826,0.7,0.14826,6.2457284279845,0.29652,31.8375,2.2239,0.235,0.07413,0.3075,0.0111195,0.06,0,0,NA,NA,NA,NA,NA,NA,NA,NA,NA,NA,NA,NA,NA,NA,NA,NA,NA,NA,NA,NA,NA,NA,NA,NA,NA,NA,NA,NA,NA,NA,NA,NA,NA
"26","Daniel Jones","NYG","QB","2562299","robust",30.3133793734837,0.19795303650794,19.7,0.207564000000001,202.63,2.01633600000002,1.01,0.14826,0.7875,0.22239,6.5525,0.29652,31.4,1.4826,0.2,0,0.285,0.044478,0.16,0,0,NA,NA,NA,NA,NA,NA,NA,NA,NA,NA,NA,NA,NA,NA,NA,NA,NA,NA,NA,NA,NA,NA,NA,NA,NA,NA,NA,NA,NA,NA,NA,NA,NA
"27","Jameis Winston","NO","QB","2552033","robust",15.6,15.41904,10.05,9.48864,89.7,100.0755,0.6,0.59304,0.4,0.44478,1.1,1.18608,3,2.81694,0.005,0,0.01375,0.014826,0.03,0,0,NA,NA,NA,NA,NA,NA,NA,NA,NA,NA,NA,NA,NA,NA,NA,NA,NA,NA,NA,NA,NA,NA,NA,NA,NA,NA,NA,NA,NA,NA,NA,NA,NA
"28","Bailey Zappe","NE","QB","2567961","robust",17.35,8.00604,12,4.74432,118.12,30.68982,0.8,0.14826,0.35,0.14826,1.7,0.29652,1.9625,0.44478,0,0,0.133333333333333,0.04942,0.03,0,0,NA,NA,NA,NA,NA,NA,NA,NA,NA,NA,NA,NA,NA,NA,NA,NA,NA,NA,NA,NA,NA,NA,NA,NA,NA,NA,NA,NA,NA,NA,NA,NA,NA
"29","Cooper Rush","DAL","QB","2559242","robust",1.76136876251251,0,1.1281321509009,0,16.755,5.796966,0.1,0,0.03,0,0.4,0,0.35,0.0741300000000001,0,0,0.00125,0,0.03,0,0,NA,NA,NA,NA,NA,NA,NA,NA,NA,NA,NA,NA,NA,NA,NA,NA,NA,NA,NA,NA,NA,NA,NA,NA,NA,NA,NA,NA,NA,NA,NA,NA,NA
"30","Phillip Walker","CAR","QB","2558904","robust",30.3496750403823,0.608106892564585,17.608764807992,0.741300000000003,189.08,6.79772099999999,0.89,0.14826,1.075,0.0370649999999999,1.75,0.66717,7.5,6.308463,0.05,0.07413,0.12,0.014826,0.11,0,0,NA,NA,NA,NA,NA,NA,NA,NA,NA,NA,NA,NA,NA,NA,NA,NA,NA,NA,NA,NA,NA,NA,NA,NA,NA,NA,NA,NA,NA,NA,NA,NA,NA
"31","Justin Fields","CHI","QB","2565920","robust",24.43,2.50647756656314,14.05,0.919211999999999,168.05,14.396046,0.87,0.14826,1,0.14826,7.83290630613243,0.44478,41.4,4.59606,0.2,0.029652,0.1975,0.00741300000000001,0.07,0,0,NA,NA,NA,NA,NA,NA,NA,NA,NA,NA,NA,NA,NA,NA,NA,NA,NA,NA,NA,NA,NA,NA,NA,NA,NA,NA,NA,NA,NA,NA,NA,NA,NA
"32","Mitchell Trubisky","PIT","QB","2558008","robust",8.55148763356294,0.449191131040841,5.32798475890872,0.305370407116125,53.175,2.07564,0.215,0.118608,0.165,0.059304,0.57125,0.170499,1.3,0.44478,0.06,0.029652,0.05,0.07413,0.03,0,0,NA,NA,NA,NA,NA,NA,NA,NA,NA,NA,NA,NA,NA,NA,NA,NA,NA,NA,NA,NA,NA,NA,NA,NA,NA,NA,NA,NA,NA,NA,NA,NA,NA
"33","Jacob Eason","CAR","QB","2564115","robust",3.66586111111111,0,1.84450868055556,0,21.455,5.78214,0.105,0,0.11,0,0.1,0,0.4,0.29652,0,0,0.00125,0,0.03,0,0,NA,NA,NA,NA,NA,NA,NA,NA,NA,NA,NA,NA,NA,NA,NA,NA,NA,NA,NA,NA,NA,NA,NA,NA,NA,NA,NA,NA,NA,NA,NA,NA,NA
"34","Teddy Bridgewater","MIA","QB","2543465","robust",2.18038476760671,0,1.31527982963619,0,23.225,12.15732,0.105,0,0.12,0,0.3,0,0.75,0.711648,0,0,0.00125,0,0.02,0,0,NA,NA,NA,NA,NA,NA,NA,NA,NA,NA,NA,NA,NA,NA,NA,NA,NA,NA,NA,NA,NA,NA,NA,NA,NA,NA,NA,NA,NA,NA,NA,NA,NA
"35","Tyler Huntley","BAL","QB","2563560","robust",1.97269834842148,0.664895047579793,1.20346857725792,0.39878834176173,14.4475,4.692429,0.1,0,0.0625,0.037065,0.3,0.147014545525847,1.55,0.896973,0,0,0.0075,0.007413,0.03,0,0,NA,NA,NA,NA,NA,NA,NA,NA,NA,NA,NA,NA,NA,NA,NA,NA,NA,NA,NA,NA,NA,NA,NA,NA,NA,NA,NA,NA,NA,NA,NA,NA,NA
"36","Colt McCoy","ARI","QB","497123","robust",1.81990868059419,0,1.1055182346723,0,14.385,4.403322,0.1,0,0.025,0,0.2,NA,0.9,0.59304,0,0,0.0333333333333333,0.04942,0.02,0,0,NA,NA,NA,NA,NA,NA,NA,NA,NA,NA,NA,NA,NA,NA,NA,NA,NA,NA,NA,NA,NA,NA,NA,NA,NA,NA,NA,NA,NA,NA,NA,NA,NA
"37","Derrick Henry","TEN","RB","2556075","robust",NA,NA,NA,NA,NA,NA,NA,NA,NA,NA,22,0.444780000000001,95.15,4.15128,0.85,0.14826,0.0925,0.014826,0.06,0,0,NA,2.055,0.14826,19.2025,2.831766,0.06,0.044478,NA,NA,NA,NA,NA,NA,NA,NA,NA,NA,NA,NA,NA,NA,NA,NA,NA,NA,NA,NA,NA,NA,NA,NA,NA,NA
"38","Nick Chubb","CLE","RB","2561021","robust",NA,NA,NA,NA,NA,NA,NA,NA,NA,NA,16.9,0.118607999999997,89.58,0.756126000000008,0.695,0.14826,0.0895,0.0207564,0,NA,0,NA,1.1925,0.103782,10.2875,1.40847,0.0225,0,NA,NA,NA,NA,NA,NA,NA,NA,NA,NA,NA,NA,NA,NA,NA,NA,NA,NA,NA,NA,NA,NA,NA,NA,NA,NA
"39","Saquon Barkley","NYG","RB","2560968","robust",NA,NA,NA,NA,NA,NA,NA,NA,NA,NA,18.805,0.474432,82.935,1.92738,0.55,0.118608,0.091,0.0177912,0,NA,0,NA,4.025,0.148259999999999,30.225,1.4826,0.115,0.044478,NA,NA,NA,NA,NA,NA,NA,NA,NA,NA,NA,NA,NA,NA,NA,NA,NA,NA,NA,NA,NA,NA,NA,NA,NA,NA
"40","Josh Jacobs","LVR","RB","2562377","robust",NA,NA,NA,NA,NA,NA,NA,NA,NA,NA,18.8,0.296519999999999,86.15,2.81694000000001,0.75,0.14826,0.111,0.014826,0,NA,0,NA,2.8625,0.29652,23.0625,4.22541,0.05,0.059304,NA,NA,NA,NA,NA,NA,NA,NA,NA,NA,NA,NA,NA,NA,NA,NA,NA,NA,NA,NA,NA,NA,NA,NA,NA,NA
"41","Leonard Fournette","TB","RB","2557973","robust",NA,NA,NA,NA,NA,NA,NA,NA,NA,NA,17.2470562579722,3.72395756772143,67.2325,11.371542,0.56,0.14826,0.1,0,0,NA,0,NA,4.545,0.44478,34.025,8.30256,0.2175,0.07413,NA,NA,NA,NA,NA,NA,NA,NA,NA,NA,NA,NA,NA,NA,NA,NA,NA,NA,NA,NA,NA,NA,NA,NA,NA,NA
"42","Kenneth Walker III","SEA","RB","2568282","robust",NA,NA,NA,NA,NA,NA,NA,NA,NA,NA,15.3674476675275,2.07564,78.925,6.464136,0.6,0,0.094,0.0118608,0.01,0,0,NA,2.085,0.0593040000000001,13.975,1.33434,0.0825,0.014826,NA,NA,NA,NA,NA,NA,NA,NA,NA,NA,NA,NA,NA,NA,NA,NA,NA,NA,NA,NA,NA,NA,NA,NA,NA,NA
"43","Jonathan Taylor","IND","RB","2564148","robust",NA,NA,NA,NA,NA,NA,NA,NA,NA,NA,17.675,1.03782,81.05,3.26172,0.6,0.044478,0.162,0.0563388,0,NA,0,NA,2.4,0.192738,18.7775,0.756126000000002,0.0925,0,NA,NA,NA,NA,NA,NA,NA,NA,NA,NA,NA,NA,NA,NA,NA,NA,NA,NA,NA,NA,NA,NA,NA,NA,NA,NA
"44","Raheem Mostert","MIA","RB","2553728","robust",NA,NA,NA,NA,NA,NA,NA,NA,NA,NA,16.3026009667265,1.02239522692504,71.125,6.37518,0.5,0.088956,0.0985,0.0029652,0.01,0,0,NA,1.7625,0.192738,13.97,1.971858,0.0675,0.014826,NA,NA,NA,NA,NA,NA,NA,NA,NA,NA,NA,NA,NA,NA,NA,NA,NA,NA,NA,NA,NA,NA,NA,NA,NA,NA
"45","Breece Hall","NYJ","RB","2568030","robust",NA,NA,NA,NA,NA,NA,NA,NA,NA,NA,15.8,1.756881,73.2,6.45672299999999,0.5,0.096369,0.1125,0.0185325,0,NA,0,NA,2.95,0.355824,25.92,1.33434,0.1,0,NA,NA,NA,NA,NA,NA,NA,NA,NA,NA,NA,NA,NA,NA,NA,NA,NA,NA,NA,NA,NA,NA,NA,NA,NA,NA
"46","Dameon Pierce","HOU","RB","2567685","robust",NA,NA,NA,NA,NA,NA,NA,NA,NA,NA,17.3064362086314,0.210718354166203,74.19,3.7065,0.6,0,0.104,0.0118608,0.01,0,0,NA,2.64,0.148259999999999,17.625,1.4826,0.095,0,NA,NA,NA,NA,NA,NA,NA,NA,NA,NA,NA,NA,NA,NA,NA,NA,NA,NA,NA,NA,NA,NA,NA,NA,NA,NA
"47","Ezekiel Elliott","DAL","RB","2555224","robust",NA,NA,NA,NA,NA,NA,NA,NA,NA,NA,15.875,0.806306982051806,69.7,4.64053800000001,0.65,0.118608,0.094,0.0118608,0.09,0,0,NA,1.505,0.44478,10.525,2.66868,0.095,0,NA,NA,NA,NA,NA,NA,NA,NA,NA,NA,NA,NA,NA,NA,NA,NA,NA,NA,NA,NA,NA,NA,NA,NA,NA,NA
"48","Rhamondre Stevenson","NE","RB","2566343","robust",NA,NA,NA,NA,NA,NA,NA,NA,NA,NA,15,0.148259999999999,71.1,5.33736000000001,0.6225,0.14826,0.1,0,0.01,0,0,NA,2.675,0.192738,19.68,1.097124,0.05,0.059304,NA,NA,NA,NA,NA,NA,NA,NA,NA,NA,NA,NA,NA,NA,NA,NA,NA,NA,NA,NA,NA,NA,NA,NA,NA,NA
"49","Alvin Kamara","NO","RB","2558019","robust",NA,NA,NA,NA,NA,NA,NA,NA,NA,NA,15.6373374931755,0.148259999999999,69.845,3.18758999999999,0.465,0.07413,0.1205,0.0385476,0,NA,0,NA,4.04,0.548562,33.195,4.566408,0.1925,0,NA,NA,NA,NA,NA,NA,NA,NA,NA,NA,NA,NA,NA,NA,NA,NA,NA,NA,NA,NA,NA,NA,NA,NA,NA,NA
"50","Joe Mixon","CIN","RB","2557976","robust",NA,NA,NA,NA,NA,NA,NA,NA,NA,NA,17.9482457714409,0.487046638523586,69.3225,1.92738,0.6,0,0.0925,0.014826,0,NA,0,NA,3.5,0.14826,24.88,1.18608,0.1925,0,NA,NA,NA,NA,NA,NA,NA,NA,NA,NA,NA,NA,NA,NA,NA,NA,NA,NA,NA,NA,NA,NA,NA,NA,NA,NA
"51","Eno Benjamin","ARI","RB","2564889","robust",NA,NA,NA,NA,NA,NA,NA,NA,NA,NA,14.1,1.986684,58.005,10.882284,0.3,0.014826,0.0895,0.0207564,0.01,0,0,NA,2.8025,0.281694,23.6,3.26172,0.1,0.014826,NA,NA,NA,NA,NA,NA,NA,NA,NA,NA,NA,NA,NA,NA,NA,NA,NA,NA,NA,NA,NA,NA,NA,NA,NA,NA
"52","Jamaal Williams","DET","RB","2558204","robust",NA,NA,NA,NA,NA,NA,NA,NA,NA,NA,15.5,0.670018677574635,64.475,2.22390000000001,0.535,0.022239,0.133333333333333,0.02471,0.03,0,0,NA,2.145,0.971103,14.23,5.515272,0.02,0,NA,NA,NA,NA,NA,NA,NA,NA,NA,NA,NA,NA,NA,NA,NA,NA,NA,NA,NA,NA,NA,NA,NA,NA,NA,NA
"53","Aaron Jones","GB","RB","2558116","robust",NA,NA,NA,NA,NA,NA,NA,NA,NA,NA,12.6775,0.444780000000001,61.945,1.497426,0.4325,0.14826,0.094,0,0,NA,0,NA,3.05,0.14826,24.525,1.92738,0.1925,0,NA,NA,NA,NA,NA,NA,NA,NA,NA,NA,NA,NA,NA,NA,NA,NA,NA,NA,NA,NA,NA,NA,NA,NA,NA,NA
"54","Travis Etienne","JAC","RB","2566157","robust",NA,NA,NA,NA,NA,NA,NA,NA,NA,NA,10.885,0.563388000000001,54.275,2.2239,0.25,0.14826,0.075,0.044478,0.01,0,0,NA,2.575,0.0741300000000004,23.81,2.564898,0.0925,0,NA,NA,NA,NA,NA,NA,NA,NA,NA,NA,NA,NA,NA,NA,NA,NA,NA,NA,NA,NA,NA,NA,NA,NA,NA,NA
"55","Brian Robinson","WAS","RB","2568348","robust",NA,NA,NA,NA,NA,NA,NA,NA,NA,NA,13.4250547453525,2.2239,56.64,11.41602,0.45,0.0296519999999999,0.094,0.0118608,0.01,0,0,NA,0.7525,0.681996,6.35,6.22692,0.035,0.029652,NA,NA,NA,NA,NA,NA,NA,NA,NA,NA,NA,NA,NA,NA,NA,NA,NA,NA,NA,NA,NA,NA,NA,NA,NA,NA
"56","David Montgomery","CHI","RB","2562502","robust",NA,NA,NA,NA,NA,NA,NA,NA,NA,NA,15.0774549611484,0.0145589015946092,61.9,0.815430000000006,0.4,0.0593040000000001,0.103,0.00889560000000001,0.03,0,0,NA,2.5,0.14826,21.45,1.4826,0.05,0.044478,NA,NA,NA,NA,NA,NA,NA,NA,NA,NA,NA,NA,NA,NA,NA,NA,NA,NA,NA,NA,NA,NA,NA,NA,NA,NA
"57","Austin Ekeler","LAC","RB","2559169","robust",NA,NA,NA,NA,NA,NA,NA,NA,NA,NA,13.7757719133333,0.894137754831988,62.4,4.29954000000001,0.6425,0.14826,0.1125,0.037065,0.03,0,0,NA,5.935,0.29652,46.6975,7.427826,0.3125,0.0593040000000001,NA,NA,NA,NA,NA,NA,NA,NA,NA,NA,NA,NA,NA,NA,NA,NA,NA,NA,NA,NA,NA,NA,NA,NA,NA,NA
"58","Najee Harris","PIT","RB","2566448","robust",NA,NA,NA,NA,NA,NA,NA,NA,NA,NA,14.725,0.571379391077957,54.5,3.7065,0.33,0.059304,0.1125,0.037065,0,NA,0,NA,2.485,0.29652,16.175,0.859907999999997,0.1025,0.044478,NA,NA,NA,NA,NA,NA,NA,NA,NA,NA,NA,NA,NA,NA,NA,NA,NA,NA,NA,NA,NA,NA,NA,NA,NA,NA
"59","Tyler Allgeier","ATL","RB","2567232","robust",NA,NA,NA,NA,NA,NA,NA,NA,NA,NA,11.3,1.03782,51.125,0.889560000000002,0.245,0.133434,0.075,0.044478,0.01,0,0,NA,1,0.29652,8.05,0.444780000000001,0.015,0,NA,NA,NA,NA,NA,NA,NA,NA,NA,NA,NA,NA,NA,NA,NA,NA,NA,NA,NA,NA,NA,NA,NA,NA,NA,NA
"60","James Robinson","JAC","RB","2564223","robust",NA,NA,NA,NA,NA,NA,NA,NA,NA,NA,11.6125,1.77912,49.3975,6.37518,0.3,0.0296519999999999,0.094,0,0,NA,0,NA,1.375,0.133434,9.645,0.681995999999999,0.045,0.044478,NA,NA,NA,NA,NA,NA,NA,NA,NA,NA,NA,NA,NA,NA,NA,NA,NA,NA,NA,NA,NA,NA,NA,NA,NA,NA
"61","Kenyan Drake","BAL","RB","2555230","robust",NA,NA,NA,NA,NA,NA,NA,NA,NA,NA,10.4,2.179422,47.45,10.808154,0.41,0.14826,0.046,0.0681996,0,NA,0,NA,1.6,0.59304,11.8,4.74432,0.05,0.044478,NA,NA,NA,NA,NA,NA,NA,NA,NA,NA,NA,NA,NA,NA,NA,NA,NA,NA,NA,NA,NA,NA,NA,NA,NA,NA
"62","AJ Dillon","GB","RB","2563986","robust",NA,NA,NA,NA,NA,NA,NA,NA,NA,NA,11.7625,0.889560000000002,48.775,5.011188,0.285,0,0.07,0.0474432,0,NA,0,NA,1.85,0.237216,14.9325,2.9652,0.0925,0.014826,NA,NA,NA,NA,NA,NA,NA,NA,NA,NA,NA,NA,NA,NA,NA,NA,NA,NA,NA,NA,NA,NA,NA,NA,NA,NA
"63","Damien Harris","NE","RB","2562281","robust",NA,NA,NA,NA,NA,NA,NA,NA,NA,NA,11.2431610899012,0.578213999999998,49.55,3.40998000000001,0.42,0.029652,0.095,0,0,NA,0,NA,1.2,0.014826,8.76,0.296519999999999,0,0,NA,NA,NA,NA,NA,NA,NA,NA,NA,NA,NA,NA,NA,NA,NA,NA,NA,NA,NA,NA,NA,NA,NA,NA,NA,NA
"64","Tony Pollard","DAL","RB","2562699","robust",NA,NA,NA,NA,NA,NA,NA,NA,NA,NA,9.37,1.4826,45.575,5.04084,0.29,0.0296519999999999,0.0875,0.037065,0,NA,0,NA,2.1375,0.400302,17.955,1.4826,0.05,0.07413,NA,NA,NA,NA,NA,NA,NA,NA,NA,NA,NA,NA,NA,NA,NA,NA,NA,NA,NA,NA,NA,NA,NA,NA,NA,NA
"65","Chuba Hubbard","CAR","RB","2565899","robust",NA,NA,NA,NA,NA,NA,NA,NA,NA,NA,8.05,0.889559999999999,32.4,5.1891,0.11,0.07413,0.12125,0.03150525,0.01,0,0,NA,1.675,0.237216,11.9,1.245384,0.03,0,NA,NA,NA,NA,NA,NA,NA,NA,NA,NA,NA,NA,NA,NA,NA,NA,NA,NA,NA,NA,NA,NA,NA,NA,NA,NA
"66","Jeffery Wilson","SF","RB","2560938","robust",NA,NA,NA,NA,NA,NA,NA,NA,NA,NA,11.4338054939318,1.13595997469672,50.54,2.46111600000001,0.35,0.207564,0.115,0,0.01,0,0,NA,1.15,0,9.1,0.148259999999999,0.03,0,NA,NA,NA,NA,NA,NA,NA,NA,NA,NA,NA,NA,NA,NA,NA,NA,NA,NA,NA,NA,NA,NA,NA,NA,NA,NA
"67","Caleb Huntley","ATL","RB","2566692","robust",NA,NA,NA,NA,NA,NA,NA,NA,NA,NA,9.8,1.18608,40.35,13.63992,0.2,0.14826,0.066,0.0504084,0,NA,0,NA,0.4,0.163086,3.2,2.00151,0,0,NA,NA,NA,NA,NA,NA,NA,NA,NA,NA,NA,NA,NA,NA,NA,NA,NA,NA,NA,NA,NA,NA,NA,NA,NA,NA
"68","Clyde Edwards-Helaire","KC","RB","2564271","robust",NA,NA,NA,NA,NA,NA,NA,NA,NA,NA,7.6175,0.59304,30.4,1.63086,0.2,0.044478,0.093,0,0,NA,0,NA,1.87,0.311346,14.8075,2.920722,0.1,0.059304,NA,NA,NA,NA,NA,NA,NA,NA,NA,NA,NA,NA,NA,NA,NA,NA,NA,NA,NA,NA,NA,NA,NA,NA,NA,NA
"69","Melvin Gordon","DEN","RB","2552469","robust",NA,NA,NA,NA,NA,NA,NA,NA,NA,NA,10.1799703885613,1.63086,40.8675,5.14462200000001,0.25,0.07413,0.12,0.0415128,0,NA,0,NA,1.8775,0.44478,13.4675,5.9304,0.05,0.059304,NA,NA,NA,NA,NA,NA,NA,NA,NA,NA,NA,NA,NA,NA,NA,NA,NA,NA,NA,NA,NA,NA,NA,NA,NA,NA
"70","Deon Jackson","IND","RB","2565603","robust",NA,NA,NA,NA,NA,NA,NA,NA,NA,NA,2.83758984743532,1.29754141561521,11.4225,5.026014,0.065,0.07413,0.001,0,0,NA,0,NA,0.775,0.459606,7.605,5.9304,0,0,NA,NA,NA,NA,NA,NA,NA,NA,NA,NA,NA,NA,NA,NA,NA,NA,NA,NA,NA,NA,NA,NA,NA,NA,NA,NA
"71","Latavius Murray","DEN","RB","2541161","robust",NA,NA,NA,NA,NA,NA,NA,NA,NA,NA,9.65312242393678,0.157518611457353,39.0275,2.66868,0.25,0.14826,0.1,0,0,NA,0,NA,1.05,0.7413,6.8,5.33736,0,0,NA,NA,NA,NA,NA,NA,NA,NA,NA,NA,NA,NA,NA,NA,NA,NA,NA,NA,NA,NA,NA,NA,NA,NA,NA,NA
"72","Kareem Hunt","CLE","RB","2557917","robust",NA,NA,NA,NA,NA,NA,NA,NA,NA,NA,9.15892064680774,1.378818,39.1375,4.72949400000001,0.3,0.029652,0.0875,0.037065,0.03,0,0,NA,2.25,0.192738,17.06,2.357334,0.1,0,NA,NA,NA,NA,NA,NA,NA,NA,NA,NA,NA,NA,NA,NA,NA,NA,NA,NA,NA,NA,NA,NA,NA,NA,NA,NA
"73","Justice Hill","BAL","RB","2562407","robust",NA,NA,NA,NA,NA,NA,NA,NA,NA,NA,5.5,2.2239,25.525,9.19212,0.1,0.014826,0.011,0.014826,0,NA,0,NA,0.95,0.0889559999999999,5.3325,3.7065,0,0,NA,NA,NA,NA,NA,NA,NA,NA,NA,NA,NA,NA,NA,NA,NA,NA,NA,NA,NA,NA,NA,NA,NA,NA,NA,NA
"74","Christian McCaffrey","SF","RB","2557997","robust",NA,NA,NA,NA,NA,NA,NA,NA,NA,NA,6.8875,1.92738,31.465,9.48864,0.2,0.014826,0.1,0,0,NA,0,NA,2.455,1.304688,19.925,10.74885,0.095,0.014826,NA,NA,NA,NA,NA,NA,NA,NA,NA,NA,NA,NA,NA,NA,NA,NA,NA,NA,NA,NA,NA,NA,NA,NA,NA,NA
"75","DOnta Foreman","CAR","RB","2557994","robust",NA,NA,NA,NA,NA,NA,NA,NA,NA,NA,10.5,2.416638,39.7,5.648706,0.115,0.037065,0.0925,0.0111195,0,NA,0,NA,0.725,0.037065,7.35,2.201661,0.01,0,NA,NA,NA,NA,NA,NA,NA,NA,NA,NA,NA,NA,NA,NA,NA,NA,NA,NA,NA,NA,NA,NA,NA,NA,NA,NA
"76","Isiah Pacheco","KC","RB","2567808","robust",NA,NA,NA,NA,NA,NA,NA,NA,NA,NA,8.7,2.357334,35.125,7.22026200000001,0.195,0.088956,0.07,0.0474432,0.01,0,0,NA,1.26,0.7413,8.755,5.63388,0.0225,0,NA,NA,NA,NA,NA,NA,NA,NA,NA,NA,NA,NA,NA,NA,NA,NA,NA,NA,NA,NA,NA,NA,NA,NA,NA,NA
"77","Khalil Herbert","CHI","RB","2565926","robust",NA,NA,NA,NA,NA,NA,NA,NA,NA,NA,6.75,0.148259999999999,31.3,0.637518,0.15,0.07413,0.0125,0.037065,0,NA,0,NA,0.81,0.14826,6.575,1.4826,0,0,NA,NA,NA,NA,NA,NA,NA,NA,NA,NA,NA,NA,NA,NA,NA,NA,NA,NA,NA,NA,NA,NA,NA,NA,NA,NA
"78","Antonio Gibson","WAS","RB","2565276","robust",NA,NA,NA,NA,NA,NA,NA,NA,NA,NA,7,0.29652,30.025,2.52042,0.21,0.029652,0.08,0.0415128,0.03,0,0,NA,2.32,0.281694,18.075,2.52042,0.0425,0,NA,NA,NA,NA,NA,NA,NA,NA,NA,NA,NA,NA,NA,NA,NA,NA,NA,NA,NA,NA,NA,NA,NA,NA,NA,NA
"79","Gus Edwards","BAL","RB","2561324","robust",NA,NA,NA,NA,NA,NA,NA,NA,NA,NA,5.2,2.07564,24.17,8.406342,0.195,0.00741300000000001,0.05,0.07413,0.03,0,0,NA,0.6,0.37065,5.9,2.312856,0.015,0,NA,NA,NA,NA,NA,NA,NA,NA,NA,NA,NA,NA,NA,NA,NA,NA,NA,NA,NA,NA,NA,NA,NA,NA,NA,NA
"80","Chase Edmonds","MIA","RB","2560711","robust",NA,NA,NA,NA,NA,NA,NA,NA,NA,NA,6,1.4826,24.6,6.197268,0.15,0.118608,0.0125,0.037065,0,NA,0,NA,1.99,0.029652,14.0075,2.416638,0.0925,0,NA,NA,NA,NA,NA,NA,NA,NA,NA,NA,NA,NA,NA,NA,NA,NA,NA,NA,NA,NA,NA,NA,NA,NA,NA,NA
"81","Michael Carter","NYJ","RB","2566382","robust",NA,NA,NA,NA,NA,NA,NA,NA,NA,NA,7.625,0.44478,31.3125,3.721326,0.19,0.044478,0.0875,0.037065,0,NA,0,NA,1.8875,0.14826,14.085,0.252042,0,0,NA,NA,NA,NA,NA,NA,NA,NA,NA,NA,NA,NA,NA,NA,NA,NA,NA,NA,NA,NA,NA,NA,NA,NA,NA,NA
"82","Nyheim Hines","IND","RB","2560742","robust",NA,NA,NA,NA,NA,NA,NA,NA,NA,NA,3.875,1.18608,14.6,6.81996,0.1,0,0.05,0.07413,0,NA,0.03,0,3,0.14826,23.425,2.2239,0.1,0,NA,NA,NA,NA,NA,NA,NA,NA,NA,NA,NA,NA,NA,NA,NA,NA,NA,NA,NA,NA,NA,NA,NA,NA,NA,NA
"83","Sony Michel","LAC","RB","2560809","robust",NA,NA,NA,NA,NA,NA,NA,NA,NA,NA,6.65,0.7413,25.04,4.74432,0.1,0,0.064,0.0533736,0,NA,0,NA,0.9,0.192738,7.025,1.33434,0,0,NA,NA,NA,NA,NA,NA,NA,NA,NA,NA,NA,NA,NA,NA,NA,NA,NA,NA,NA,NA,NA,NA,NA,NA,NA,NA
"84","Mark Ingram","NO","RB","2495466","robust",NA,NA,NA,NA,NA,NA,NA,NA,NA,NA,6.7,1.022994,27.775,1.11195,0.125,0.07413,0.124,0.0415128,0.06,0,0,NA,1.15,0.44478,6.8,0.59304,0,0,NA,NA,NA,NA,NA,NA,NA,NA,NA,NA,NA,NA,NA,NA,NA,NA,NA,NA,NA,NA,NA,NA,NA,NA,NA,NA
"85","Craig Reynolds","DET","RB","2562834","robust",NA,NA,NA,NA,NA,NA,NA,NA,NA,NA,4.5,0.554682490343593,21.4,1.971858,0.1,0,0.08875,0,0,NA,0,NA,1.41,0,11.945,3.424806,0.065,0.029652,NA,NA,NA,NA,NA,NA,NA,NA,NA,NA,NA,NA,NA,NA,NA,NA,NA,NA,NA,NA,NA,NA,NA,NA,NA,NA
"86","Jaylen Warren","PIT","RB","2568493","robust",NA,NA,NA,NA,NA,NA,NA,NA,NA,NA,4.44809630653969,0.97497966369704,17.71,1.868076,0.085,0.014826,0.011,0.014826,0,NA,0,NA,1,0.14826,8.75,2.9652,0,0,NA,NA,NA,NA,NA,NA,NA,NA,NA,NA,NA,NA,NA,NA,NA,NA,NA,NA,NA,NA,NA,NA,NA,NA,NA,NA
"87","Damien Williams","ATL","RB","2550512","robust",NA,NA,NA,NA,NA,NA,NA,NA,NA,NA,2.115,0.0148260000000003,9.3875,0.0741299999999997,0.1,0.00741300000000001,0,0,0,NA,0,NA,0.4,0.014826,2.815,0.014826,0,0,NA,NA,NA,NA,NA,NA,NA,NA,NA,NA,NA,NA,NA,NA,NA,NA,NA,NA,NA,NA,NA,NA,"IR","Ribs",7,2022
"88","Mike Boone","DEN","RB","2561099","robust",NA,NA,NA,NA,NA,NA,NA,NA,NA,NA,5.45,1.40847,23.5,5.663532,0.1,0.037065,0.0125,0.0185325,0,NA,0,NA,2,0.437367,15.8,2.52042,0.04,0,NA,NA,NA,NA,NA,NA,NA,NA,NA,NA,NA,NA,NA,NA,NA,NA,NA,NA,NA,NA,NA,NA,NA,NA,NA,NA
"89","Samaje Perine","CIN","RB","2558138","robust",NA,NA,NA,NA,NA,NA,NA,NA,NA,NA,4.0825,1.33434,16.065,2.846592,0.09,0.014826,0.0125,0.037065,0,NA,0,NA,1.4,0.326172,10.545,3.11346,0.1,0,NA,NA,NA,NA,NA,NA,NA,NA,NA,NA,NA,NA,NA,NA,NA,NA,NA,NA,NA,NA,NA,NA,NA,NA,NA,NA
"90","Rex Burkhead","HOU","RB","2539265","robust",NA,NA,NA,NA,NA,NA,NA,NA,NA,NA,4.08550692290292,0.7413,16.6175,2.772462,0.1,0,0.0125,0.037065,0,NA,0,NA,2.675,0.14826,18.9,3.7065,0.1,0.044478,NA,NA,NA,NA,NA,NA,NA,NA,NA,NA,NA,NA,NA,NA,NA,NA,NA,NA,NA,NA,NA,NA,NA,NA,NA,NA
"91","Rachaad White","TB","RB","2568315","robust",NA,NA,NA,NA,NA,NA,NA,NA,NA,NA,5.1,0.29652,19.87,2.802114,0.15,0.088956,0.088,0.0237216,0,NA,0,NA,2,0,15.16,2.2239,0.0675,0.014826,NA,NA,NA,NA,NA,NA,NA,NA,NA,NA,NA,NA,NA,NA,NA,NA,NA,NA,NA,NA,NA,NA,NA,NA,NA,NA
"92","Dontrell Hilliard","TEN","RB","2561461","robust",NA,NA,NA,NA,NA,NA,NA,NA,NA,NA,2.7,0.56245398684029,11.3375,1.85325,0.05,0.044478,0.012,0.029652,0,NA,0.01,0,2.675,0.29652,21.8425,0.889560000000002,0.135,0.029652,NA,NA,NA,NA,NA,NA,NA,NA,NA,NA,NA,NA,NA,NA,NA,NA,NA,NA,NA,NA,NA,NA,NA,NA,NA,NA
"93","JaMycal Hasty","JAC","RB","2565108","robust",NA,NA,NA,NA,NA,NA,NA,NA,NA,NA,1.59,0.797159360742226,9.8,4.29954,0.1,0.044478,0.0333333333333333,0.04942,0,NA,0,NA,0.67,0.0889559999999999,4.7,0.7413,0.01,0,NA,NA,NA,NA,NA,NA,NA,NA,NA,NA,NA,NA,NA,NA,NA,NA,NA,NA,NA,NA,NA,NA,NA,NA,NA,NA
"94","DeeJay Dallas","SEA","RB","2565144","robust",NA,NA,NA,NA,NA,NA,NA,NA,NA,NA,3,0.14826,12.8,3.26172,0.1,0.059304,0.0125,0.037065,0,NA,0,NA,1.12,0.29652,8.7,0.59304,0,0,NA,NA,NA,NA,NA,NA,NA,NA,NA,NA,NA,NA,NA,NA,NA,NA,NA,NA,NA,NA,NA,NA,NA,NA,NA,NA
"95","Jerick McKinnon","KC","RB","2543715","robust",NA,NA,NA,NA,NA,NA,NA,NA,NA,NA,4.005,0.459605999999999,15.4025,4.4478,0.07,0,0.0125,0.037065,0,NA,0,NA,1.8,0.014826,14.1175,0.934038000000001,0.1,0,NA,NA,NA,NA,NA,NA,NA,NA,NA,NA,NA,NA,NA,NA,NA,NA,NA,NA,NA,NA,NA,NA,NA,NA,NA,NA
"96","Keaontay Ingram","ARI","RB","2568108","robust",NA,NA,NA,NA,NA,NA,NA,NA,NA,NA,3.945,0.889560000000001,16.93,0.7413,0.0875,0.044478,0.012,0.029652,0,NA,0,NA,1,0.459606,7.85,2.713158,0.05,0.044478,NA,NA,NA,NA,NA,NA,NA,NA,NA,NA,NA,NA,NA,NA,NA,NA,NA,NA,NA,NA,NA,NA,NA,NA,NA,NA
"97","J.D. McKissic","WAS","RB","2556440","robust",NA,NA,NA,NA,NA,NA,NA,NA,NA,NA,2.68477680540072,0.47310836674842,11.5075,1.527078,0.03,0,0.0125,0.037065,0,NA,0,NA,3.0675,0.29652,23.9,2.9652,0.07,0.044478,NA,NA,NA,NA,NA,NA,NA,NA,NA,NA,NA,NA,NA,NA,NA,NA,NA,NA,NA,NA,NA,NA,NA,NA,NA,NA
"98","Matt Breida","NYG","RB","2558918","robust",NA,NA,NA,NA,NA,NA,NA,NA,NA,NA,3.5,0.7413,12.73,0.355824,0.05,0.044478,0.052,0.0711648,0,NA,0,NA,0.835,0.14826,6.485,0.978516,0,0,NA,NA,NA,NA,NA,NA,NA,NA,NA,NA,NA,NA,NA,NA,NA,NA,NA,NA,NA,NA,NA,NA,NA,NA,NA,NA
"99","Isaiah Spiller","LAC","RB","2568189","robust",NA,NA,NA,NA,NA,NA,NA,NA,NA,NA,2.87,1.18608,12.0025,6.96822,0.1,0.029652,0.002,0,0,NA,0,NA,0.5,0.14826,3.0925,3.11346,0,0,NA,NA,NA,NA,NA,NA,NA,NA,NA,NA,NA,NA,NA,NA,NA,NA,NA,NA,NA,NA,NA,NA,NA,NA,NA,NA
"100","Tevin Coleman","SF","RB","2552453","robust",NA,NA,NA,NA,NA,NA,NA,NA,NA,NA,2.55420387720737,0.525142668347654,11.15,2.364747,0.05,0.022239,0,0,0,NA,0,NA,0.385,0.14826,2.7,1.097124,0.01,0,NA,NA,NA,NA,NA,NA,NA,NA,NA,NA,NA,NA,NA,NA,NA,NA,NA,NA,NA,NA,NA,NA,NA,NA,NA,NA
"101","Justin Jackson","DET","RB","2560756","robust",NA,NA,NA,NA,NA,NA,NA,NA,NA,NA,2.65,0.23204765145091,12.05,0.830256000000001,0.09,0.014826,0.0025,0,0,NA,0,NA,1.1,0.192738,8.2,1.4826,0.1,0,NA,NA,NA,NA,NA,NA,NA,NA,NA,NA,NA,NA,NA,NA,NA,NA,NA,NA,NA,NA,NA,NA,NA,NA,NA,NA
"102","Brandon Bolden","LVR","RB","2532797","robust",NA,NA,NA,NA,NA,NA,NA,NA,NA,NA,2.29,1.03782,8.655,7.057176,0.05,0.044478,0.001,0,0.04,0,0,NA,1.4,0.133434,12.76,1.33434,0.085,0,NA,NA,NA,NA,NA,NA,NA,NA,NA,NA,NA,NA,NA,NA,NA,NA,NA,NA,NA,NA,NA,NA,NA,NA,NA,NA
"103","D'Ernest Johnson","CLE","RB","2563327","robust",NA,NA,NA,NA,NA,NA,NA,NA,NA,NA,1.75,0.066846438532921,9.85,0.266868000000001,0.1,0,0,0,0,NA,0,NA,0.43,0.237216,3.385,1.63086,0,0,NA,NA,NA,NA,NA,NA,NA,NA,NA,NA,NA,NA,NA,NA,NA,NA,NA,NA,NA,NA,NA,NA,NA,NA,NA,NA
"104","Giovanni Ricci","CAR","RB","2563668","robust",NA,NA,NA,NA,NA,NA,NA,NA,NA,NA,2.505,0.029652,10.545,0.0148259999999997,0.05,0.07413,0,0,0,NA,0,NA,1.665,0.029652,12.76,0.044477999999999,0.06,0.044478,NA,NA,NA,NA,NA,NA,NA,NA,NA,NA,NA,NA,NA,NA,NA,NA,NA,NA,NA,NA,NA,NA,NA,NA,NA,NA
"105","Trayveon Williams","CIN","RB","2562600","robust",NA,NA,NA,NA,NA,NA,NA,NA,NA,NA,0.175,0.07413,6.5,4.07715,0.0475,0.066717,0,0,0,NA,0,NA,0.3,0.163086,1.5,1.03782,0,0,NA,NA,NA,NA,NA,NA,NA,NA,NA,NA,NA,NA,NA,NA,NA,NA,NA,NA,NA,NA,NA,NA,NA,NA,NA,NA
"106","Ke'Shawn Vaughn","TB","RB","2565258","robust",NA,NA,NA,NA,NA,NA,NA,NA,NA,NA,1.48368583622685,1.03782,7.14,5.678358,0.08,0,0.0025,0,0,NA,0,NA,0.25,0.22239,1.57,1.438122,0.005,0,NA,NA,NA,NA,NA,NA,NA,NA,NA,NA,NA,NA,NA,NA,NA,NA,NA,NA,NA,NA,NA,NA,NA,NA,NA,NA
"107","Kevin Harris","NE","RB","2567934","robust",NA,NA,NA,NA,NA,NA,NA,NA,NA,NA,2.275,0.51891,10.1,2.37216,0.1,0,0,0,0,NA,0,NA,0.4,0.059304,3.4,0.303933,0,0,NA,NA,NA,NA,NA,NA,NA,NA,NA,NA,NA,NA,NA,NA,NA,NA,NA,NA,NA,NA,NA,NA,NA,NA,NA,NA
"108","Ty Johnson","NYJ","RB","2562293","robust",NA,NA,NA,NA,NA,NA,NA,NA,NA,NA,0.889458333333333,0.491193616666666,3.92,2.134944,0.025,0.022239,0.0025,0.002471,0,NA,0,NA,0.5625,0.326172,5.03,3.083808,0.0075,0.007413,NA,NA,NA,NA,NA,NA,NA,NA,NA,NA,NA,NA,NA,NA,NA,NA,NA,NA,NA,NA,NA,NA,NA,NA,NA,NA
"109","Phillip Lindsay","IND","RB","2559947","robust",NA,NA,NA,NA,NA,NA,NA,NA,NA,NA,1.39,0.044478,4.745,0.0593040000000001,0.0025,0,0,0,0,NA,0,NA,0.605,0.0593040000000001,3.925,0,0.0075,0,NA,NA,NA,NA,NA,NA,NA,NA,NA,NA,NA,NA,NA,NA,NA,NA,NA,NA,NA,NA,NA,NA,NA,NA,NA,NA
"110","Hassan Haskins","TEN","RB","2567649","robust",NA,NA,NA,NA,NA,NA,NA,NA,NA,NA,1.815,0.37065,7.96,1.40847,0.075,0.037065,0.001,0,0,NA,0,NA,0.2,0.096369,1.55,0.607866,0.005,0,NA,NA,NA,NA,NA,NA,NA,NA,NA,NA,NA,NA,NA,NA,NA,NA,NA,NA,NA,NA,NA,NA,NA,NA,NA,NA
"111","Tyreek Hill","MIA","WR","2556214","robust",NA,NA,NA,NA,NA,NA,NA,NA,NA,NA,0.570319129311935,NA,3.71583333333333,0.546091,0.00507715858563149,0,0.0875,0.037065,0,NA,0,NA,6.85,0.44478,88.45,3.26172,0.675,0.29652,NA,NA,NA,NA,NA,NA,NA,NA,NA,NA,NA,NA,NA,NA,NA,NA,NA,NA,NA,NA,NA,NA,NA,NA,NA,NA
"112","Ja'Marr Chase","CIN","WR","2565941","robust",NA,NA,NA,NA,NA,NA,NA,NA,NA,NA,0.625,NA,2.65,0.909328,0.00433270770770771,0,0.1,0,0,NA,0,NA,6.2,0.29652,88.095,6.6717,0.7,0.14826,NA,NA,NA,NA,NA,NA,NA,NA,NA,NA,NA,NA,NA,NA,NA,NA,NA,NA,NA,NA,NA,NA,NA,NA,NA,NA
"113","Davante Adams","LVR","WR","2543495","robust",NA,NA,NA,NA,NA,NA,NA,NA,NA,NA,0.245,0.051891,0.8575,0.311346,0.002,0,0.0875,0.037065,0,NA,0,NA,6.6875,0.237216,87.19,2.876244,0.785,0.177912,NA,NA,NA,NA,NA,NA,NA,NA,NA,NA,NA,NA,NA,NA,NA,NA,NA,NA,NA,NA,NA,NA,NA,NA,NA,NA
"114","Michael Pittman","IND","WR","2564136","robust",NA,NA,NA,NA,NA,NA,NA,NA,NA,NA,0.1,0,0.813333333333333,0.7413,0,0,0.0875,0.037065,0,NA,0,NA,6.0125,0.222390000000001,74.37,8.243256,0.4,0.088956,NA,NA,NA,NA,NA,NA,NA,NA,NA,NA,NA,NA,NA,NA,NA,NA,NA,NA,NA,NA,NA,NA,NA,NA,NA,NA
"115","DeAndre Hopkins","ARI","WR","2540165","robust",NA,NA,NA,NA,NA,NA,NA,NA,NA,NA,0,0,0,0,0,0,0.0125,0.037065,0,NA,0,NA,5.5,0.7413,67.7,2.9652,0.6,0.22239,NA,NA,NA,NA,NA,NA,NA,NA,NA,NA,NA,NA,NA,NA,NA,NA,NA,NA,NA,NA,NA,NA,NA,NA,NA,NA
"116","CeeDee Lamb","DAL","WR","2563848","robust",NA,NA,NA,NA,NA,NA,NA,NA,NA,NA,0.3,0,2.75,0.481845,0,0,0.0875,0.037065,0.07,0,0,NA,6,0,80.125,6.15279000000001,0.675,0.14826,NA,NA,NA,NA,NA,NA,NA,NA,NA,NA,NA,NA,NA,NA,NA,NA,NA,NA,NA,NA,NA,NA,NA,NA,NA,NA
"117","Mike Evans","TB","WR","2543468","robust",NA,NA,NA,NA,NA,NA,NA,NA,NA,NA,0,0,0.0975,0.00741300000000001,0,0,0.0125,0.037065,0,NA,0,NA,5.1,0.266868,71.08,4.74432,0.675,0.14826,NA,NA,NA,NA,NA,NA,NA,NA,NA,NA,NA,NA,NA,NA,NA,NA,NA,NA,NA,NA,NA,NA,NA,NA,NA,NA
"118","Mike Williams","LAC","WR","2558846","robust",NA,NA,NA,NA,NA,NA,NA,NA,NA,NA,0.25,0.37065,0.7525,0.207564,0,0,0.0875,0.037065,0,NA,0,NA,5.3,0.7413,79.535,9.48864000000001,0.6525,0.22239,NA,NA,NA,NA,NA,NA,NA,NA,NA,NA,NA,NA,NA,NA,NA,NA,NA,NA,NA,NA,NA,NA,NA,NA,NA,NA
"119","Jaylen Waddle","MIA","WR","2566292","robust",NA,NA,NA,NA,NA,NA,NA,NA,NA,NA,0.29,NA,1.8675,0.14826,0.00254580152671756,0,0.1,0,0,NA,0,NA,5.45,0.222390000000001,75.45,4.59605999999999,0.575,0.14826,NA,NA,NA,NA,NA,NA,NA,NA,NA,NA,NA,NA,NA,NA,NA,NA,NA,NA,NA,NA,NA,NA,NA,NA,NA,NA
"120","DK Metcalf","SEA","WR","2562685","robust",NA,NA,NA,NA,NA,NA,NA,NA,NA,NA,0,0,0.1,0.00741300000000001,0,0,0.1125,0.037065,0,NA,0,NA,5.315,0.44478,70.82,2.846592,0.6,0.177912,NA,NA,NA,NA,NA,NA,NA,NA,NA,NA,NA,NA,NA,NA,NA,NA,NA,NA,NA,NA,NA,NA,NA,NA,NA,NA
"121","Tee Higgins","CIN","WR","2563731","robust",NA,NA,NA,NA,NA,NA,NA,NA,NA,NA,0.0125,0.037065,0.1125,0.14826,0,0,0.0875,0.037065,0,NA,0,NA,5.2,0.148259999999999,73.2625,1.67533799999999,0.575,0.14826,NA,NA,NA,NA,NA,NA,NA,NA,NA,NA,NA,NA,NA,NA,NA,NA,NA,NA,NA,NA,NA,NA,NA,NA,NA,NA
"122","Chris Olave","NO","WR","2567973","robust",NA,NA,NA,NA,NA,NA,NA,NA,NA,NA,0.0125,0.037065,0.15875,0.14826,0,0,0.1125,0.037065,0,NA,0,NA,5,0.29652,67.7,2.2239,0.575,0.14826,NA,NA,NA,NA,NA,NA,NA,NA,NA,NA,NA,NA,NA,NA,NA,NA,NA,NA,NA,NA,NA,NA,NA,NA,NA,NA
"123","Amon-Ra St. Brown","DET","WR","2566073","robust",NA,NA,NA,NA,NA,NA,NA,NA,NA,NA,0.369385870934207,NA,3.55666666666667,1.03782,0.0191491614255765,0.0222445947169811,0.0875,0.037065,0,NA,0,NA,6.2725,0.44478,68.3,8.1543,0.5825,0.103782,NA,NA,NA,NA,NA,NA,NA,NA,NA,NA,NA,NA,NA,NA,NA,NA,NA,NA,NA,NA,NA,NA,NA,NA,NA,NA
"124","Deebo Samuel","SF","WR","2562721","robust",NA,NA,NA,NA,NA,NA,NA,NA,NA,NA,3.5,NA,18.685,3.066511,0.189289357112672,0.12708720114033,0.092,0,0,NA,0,NA,5.15,0.0889560000000007,73.6,5.04084000000001,0.4775,0.163086,NA,NA,NA,NA,NA,NA,NA,NA,NA,NA,NA,NA,NA,NA,NA,NA,NA,NA,NA,NA,NA,NA,NA,NA,NA,NA
"125","Chris Godwin","TB","WR","2558105","robust",NA,NA,NA,NA,NA,NA,NA,NA,NA,NA,0.227772412186969,NA,1.265,0.22239,0.01,0.014826,0.1,0,0,NA,0,NA,5.825,0.148260000000001,67.8625,2.29803,0.4825,0.192738,NA,NA,NA,NA,NA,NA,NA,NA,NA,NA,NA,NA,NA,NA,NA,NA,NA,NA,NA,NA,NA,NA,NA,NA,NA,NA
"126","Tyler Lockett","SEA","WR","2552430","robust",NA,NA,NA,NA,NA,NA,NA,NA,NA,NA,0,0,0.25,0.076601,0,0,0.0125,0.037065,0,NA,0,NA,5.05,0.444780000000001,64.595,3.172764,0.365,0.133434,NA,NA,NA,NA,NA,NA,NA,NA,NA,NA,NA,NA,NA,NA,NA,NA,NA,NA,NA,NA,NA,NA,NA,NA,NA,NA
"127","Keenan Allen","LAC","WR","2540154","robust",NA,NA,NA,NA,NA,NA,NA,NA,NA,NA,0,0,0,0,0,0,0.0875,0.037065,0,NA,0,NA,4.99,0.859908,57.3375,9.93342,0.3,0,NA,NA,NA,NA,NA,NA,NA,NA,NA,NA,NA,NA,NA,NA,NA,NA,NA,NA,NA,NA,NA,NA,NA,NA,NA,NA
"128","Courtland Sutton","DEN","WR","2560888","robust",NA,NA,NA,NA,NA,NA,NA,NA,NA,NA,0.0125,0.037065,0.2,0.29652,0,0,0.0125,0.037065,0,NA,0,NA,4.95,0.148259999999999,64.64,1.28986200000001,0.36,0.103782,NA,NA,NA,NA,NA,NA,NA,NA,NA,NA,NA,NA,NA,NA,NA,NA,NA,NA,NA,NA,NA,NA,NA,NA,NA,NA
"129","Terry McLaurin","WAS","WR","2562489","robust",NA,NA,NA,NA,NA,NA,NA,NA,NA,NA,0.3,NA,2.00541666666667,0.442309,0.00182399425287356,0,0.0125,0.037065,0,NA,0,NA,4.55,0.7413,61.61,7.56126,0.235,0.103782,NA,NA,NA,NA,NA,NA,NA,NA,NA,NA,NA,NA,NA,NA,NA,NA,NA,NA,NA,NA,NA,NA,NA,NA,NA,NA
"130","Jakobi Meyers","NE","WR","2562492","robust",NA,NA,NA,NA,NA,NA,NA,NA,NA,NA,0.125,0.037065,0.845833333333333,0.14826,0,0,0.1,0,0,NA,0.01,0,4.75,0.578213999999999,62.6,2.37216,0.35,0.088956,NA,NA,NA,NA,NA,NA,NA,NA,NA,NA,NA,NA,NA,NA,NA,NA,NA,NA,NA,NA,NA,NA,NA,NA,NA,NA
"131","Amari Cooper","CLE","WR","2552487","robust",NA,NA,NA,NA,NA,NA,NA,NA,NA,NA,0.0125,0.037065,0.0975,0.059304,0,0,0.0875,0.037065,0,NA,0,NA,5.2,0.444780000000001,65.12,1.571556,0.6,0.207564,NA,NA,NA,NA,NA,NA,NA,NA,NA,NA,NA,NA,NA,NA,NA,NA,NA,NA,NA,NA,NA,NA,NA,NA,NA,NA
"132","Christian Kirk","JAC","WR","2560781","robust",NA,NA,NA,NA,NA,NA,NA,NA,NA,NA,0.2,NA,1.11,0.400302,0.00124817518248175,0,0.05,0.07413,0,NA,0,NA,4.6,0.59304,59.1375,6.15279,0.45,0.14826,NA,NA,NA,NA,NA,NA,NA,NA,NA,NA,NA,NA,NA,NA,NA,NA,NA,NA,NA,NA,NA,NA,NA,NA,NA,NA
"133","JuJu Smith-Schuster","KC","WR","2558149","robust",NA,NA,NA,NA,NA,NA,NA,NA,NA,NA,0.0875,0.037065,0.3,0.279223,0,0,0.1,0,0,NA,0,NA,4.94,0.118608,57.6,5.48562,0.4725,0.133434,NA,NA,NA,NA,NA,NA,NA,NA,NA,NA,NA,NA,NA,NA,NA,NA,NA,NA,NA,NA,NA,NA,NA,NA,NA,NA
"134","Allen Lazard","GB","WR","2560787","robust",NA,NA,NA,NA,NA,NA,NA,NA,NA,NA,0.0125,0.037065,0.377916666666667,0.340998,0,0,0,0,0,NA,0,NA,4.5,0.622692,60.9,1.438122,0.6,0.163086,NA,NA,NA,NA,NA,NA,NA,NA,NA,NA,NA,NA,NA,NA,NA,NA,NA,NA,NA,NA,NA,NA,NA,NA,NA,NA
"135","Brandin Cooks","HOU","WR","2543498","robust",NA,NA,NA,NA,NA,NA,NA,NA,NA,NA,0.05,NA,0.45,0.140847,0.001,0,0.0875,0.037065,0,NA,0,NA,5.4,0.148259999999999,61.6,3.55824,0.39,0.014826,NA,NA,NA,NA,NA,NA,NA,NA,NA,NA,NA,NA,NA,NA,NA,NA,NA,NA,NA,NA,NA,NA,NA,NA,NA,NA
"136","Diontae Johnson","PIT","WR","2562674","robust",NA,NA,NA,NA,NA,NA,NA,NA,NA,NA,0.45,NA,2.4,0.0790719999999999,0.00482161850148565,0,0.1,0,0,NA,0,NA,5.7,0.29652,61.685,0.622692000000002,0.3525,0.103782,NA,NA,NA,NA,NA,NA,NA,NA,NA,NA,NA,NA,NA,NA,NA,NA,NA,NA,NA,NA,NA,NA,NA,NA,NA,NA
"137","Curtis Samuel","WAS","WR","2558066","robust",NA,NA,NA,NA,NA,NA,NA,NA,NA,NA,1.09996605365005,NA,6.21833333333333,0.835198,0.00434036568213783,0,0.091,0,0,NA,0,NA,5.1,0.400301999999999,50.2925,3.85476,0.2125,0.07413,NA,NA,NA,NA,NA,NA,NA,NA,NA,NA,NA,NA,NA,NA,NA,NA,NA,NA,NA,NA,NA,NA,NA,NA,NA,NA
"138","Drake London","ATL","WR","2567250","robust",NA,NA,NA,NA,NA,NA,NA,NA,NA,NA,0.0125,0.037065,0.471666666666667,0.237216,0.01,0,0.0875,0.037065,0,NA,0,NA,4.6,0.385476,57.565,3.068982,0.4125,0.103782,NA,NA,NA,NA,NA,NA,NA,NA,NA,NA,NA,NA,NA,NA,NA,NA,NA,NA,NA,NA,NA,NA,NA,NA,NA,NA
"139","Robert Woods","TEN","WR","2540169","robust",NA,NA,NA,NA,NA,NA,NA,NA,NA,NA,0.405,NA,2.89916666666667,0.637518,0.01,0.0269213938234385,0.011,0.014826,0,NA,0,NA,4.8,0.252042,57.345,4.062324,0.3375,0.0593040000000001,NA,NA,NA,NA,NA,NA,NA,NA,NA,NA,NA,NA,NA,NA,NA,NA,NA,NA,NA,NA,NA,NA,NA,NA,NA,NA
"140","Alec Pierce","IND","WR","2567715","robust",NA,NA,NA,NA,NA,NA,NA,NA,NA,NA,0.0125,0.037065,0.13875,0.096369,0,0,0.0125,0.037065,0,NA,0,NA,4,0.0296519999999994,57.1,3.291372,0.275,0.07413,NA,NA,NA,NA,NA,NA,NA,NA,NA,NA,NA,NA,NA,NA,NA,NA,NA,NA,NA,NA,NA,NA,NA,NA,NA,NA
"141","Brandon Aiyuk","SF","WR","2565093","robust",NA,NA,NA,NA,NA,NA,NA,NA,NA,NA,0.1125,0.037065,0.732916666666667,0.340998,0,0,0,0,0,NA,0,NA,4.1525,0.148259999999999,55.9,2.52042,0.35,0.133434,NA,NA,NA,NA,NA,NA,NA,NA,NA,NA,NA,NA,NA,NA,NA,NA,NA,NA,NA,NA,NA,NA,NA,NA,NA,NA
"142","Darnell Mooney","CHI","WR","2563707","robust",NA,NA,NA,NA,NA,NA,NA,NA,NA,NA,0.125,0.037065,0.8,0.0444779999999999,0,0,0,0,0,NA,0,NA,3.95,0.37065,56.375,2.2239,0.2,0,NA,NA,NA,NA,NA,NA,NA,NA,NA,NA,NA,NA,NA,NA,NA,NA,NA,NA,NA,NA,NA,NA,NA,NA,NA,NA
"143","Nico Collins","HOU","WR","2566127","robust",NA,NA,NA,NA,NA,NA,NA,NA,NA,NA,0.10625,0.0185325,0.154166666666667,0.207564,0.001,0,0,0,0,NA,0,NA,3.6,0.29652,49.2,6.64204800000001,0.1925,0.014826,NA,NA,NA,NA,NA,NA,NA,NA,NA,NA,NA,NA,NA,NA,NA,NA,NA,NA,NA,NA,NA,NA,NA,NA,NA,NA
"144","Rondale Moore","ARI","WR","2566433","robust",NA,NA,NA,NA,NA,NA,NA,NA,NA,NA,0.595,NA,3.67,2.391928,0.00385654008438819,0,0.0875,0.037065,0,NA,0,NA,5.08,1.03782,46.9,5.352186,0.1725,0.103782,NA,NA,NA,NA,NA,NA,NA,NA,NA,NA,NA,NA,NA,NA,NA,NA,NA,NA,NA,NA,NA,NA,NA,NA,NA,NA
"145","Rashod Bateman","BAL","WR","2565836","robust",NA,NA,NA,NA,NA,NA,NA,NA,NA,NA,0,0,0.234583333333333,0.29652,0,0,0.05,0.07413,0,NA,0,NA,3.485,0.59304,52.355,1.60120800000001,0.3,0,NA,NA,NA,NA,NA,NA,NA,NA,NA,NA,NA,NA,NA,NA,NA,NA,NA,NA,NA,NA,NA,NA,NA,NA,NA,NA
"146","Michael Gallup","DAL","WR","2560735","robust",NA,NA,NA,NA,NA,NA,NA,NA,NA,NA,0,0,0.045,0,0,0,0,0,0,NA,0,NA,3.875,0.14826,53,4.862928,0.5,0.252042,NA,NA,NA,NA,NA,NA,NA,NA,NA,NA,NA,NA,NA,NA,NA,NA,NA,NA,NA,NA,NA,NA,NA,NA,NA,NA
"147","George Pickens","PIT","WR","2568159","robust",NA,NA,NA,NA,NA,NA,NA,NA,NA,NA,0.1,NA,0.844166666666667,0.415128,4.25531914893617e-05,0,0.0125,0.037065,0,NA,0,NA,4,0.593039999999999,52.3,4.091976,0.2475,0.088956,NA,NA,NA,NA,NA,NA,NA,NA,NA,NA,NA,NA,NA,NA,NA,NA,NA,NA,NA,NA,NA,NA,NA,NA,NA,NA
"148","Josh Reynolds","DET","WR","2558194","robust",NA,NA,NA,NA,NA,NA,NA,NA,NA,NA,0,0,0.03125,0,0,0,0,0,0,NA,0,NA,3.5775,0.607866,45.525,6.96822,0.205,0.14826,NA,NA,NA,NA,NA,NA,NA,NA,NA,NA,NA,NA,NA,NA,NA,NA,NA,NA,NA,NA,NA,NA,NA,NA,NA,NA
"149","Tyler Boyd","CIN","WR","2555466","robust",NA,NA,NA,NA,NA,NA,NA,NA,NA,NA,0.0875,0.037065,0.499166666666667,0.17297,0,0,0.0125,0.037065,0,NA,0,NA,4.345,0.400301999999999,51.955,2.920722,0.25,0.118608,NA,NA,NA,NA,NA,NA,NA,NA,NA,NA,NA,NA,NA,NA,NA,NA,NA,NA,NA,NA,NA,NA,NA,NA,NA,NA
"150","Garrett Wilson","NYJ","WR","2568048","robust",NA,NA,NA,NA,NA,NA,NA,NA,NA,NA,0.0875,0.037065,0.438333333333333,0.583156,0,0,0.0125,0.037065,0,NA,0,NA,3.625,0.711647999999999,46.7,2.9652,0.2,0.14826,NA,NA,NA,NA,NA,NA,NA,NA,NA,NA,NA,NA,NA,NA,NA,NA,NA,NA,NA,NA,NA,NA,NA,NA,NA,NA
"151","Russell Gage","TB","WR","2561061","robust",NA,NA,NA,NA,NA,NA,NA,NA,NA,NA,0,0,0.0975,0.14826,0,0,0.05,0.07413,0,NA,0,NA,3.55,0.81543,39.7,5.48562,0.2,0.059304,NA,NA,NA,NA,NA,NA,NA,NA,NA,NA,NA,NA,NA,NA,NA,NA,NA,NA,NA,NA,NA,NA,NA,NA,NA,NA
"152","Corey Davis","NYJ","WR","2557848","robust",NA,NA,NA,NA,NA,NA,NA,NA,NA,NA,0,0,0,0,0,0,0.0125,0.037065,0,NA,0,NA,3.305,0.44478,49.245,1.92738,0.35,0.088956,NA,NA,NA,NA,NA,NA,NA,NA,NA,NA,NA,NA,NA,NA,NA,NA,NA,NA,NA,NA,NA,NA,NA,NA,NA,NA
"153","D.J. Moore","CAR","WR","2560813","robust",NA,NA,NA,NA,NA,NA,NA,NA,NA,NA,0.61,NA,3.95,0.14826,0.0104511018675522,0,0.001,0,0,NA,0,NA,4.275,0.148259999999999,53.3575,1.467774,0.2,0,NA,NA,NA,NA,NA,NA,NA,NA,NA,NA,NA,NA,NA,NA,NA,NA,NA,NA,NA,NA,NA,NA,NA,NA,NA,NA
"154","Hunter Renfrow","LVR","WR","2562712","robust",NA,NA,NA,NA,NA,NA,NA,NA,NA,NA,0.0125,0.037065,0.1,0.07413,0,0,0.1125,0.037065,0,NA,0,NA,4.5125,0.459606000000001,45.6,3.291372,0.3,0,NA,NA,NA,NA,NA,NA,NA,NA,NA,NA,NA,NA,NA,NA,NA,NA,NA,NA,NA,NA,NA,NA,NA,NA,NA,NA
"155","Jerry Jeudy","DEN","WR","2563896","robust",NA,NA,NA,NA,NA,NA,NA,NA,NA,NA,0.0125,0.037065,0.1,0.029652,0,0,0,0,0,NA,0,NA,3.6,0.14826,51.2,2.52042,0.24,0.14826,NA,NA,NA,NA,NA,NA,NA,NA,NA,NA,NA,NA,NA,NA,NA,NA,NA,NA,NA,NA,NA,NA,NA,NA,NA,NA
"156","DeVante Parker","NE","WR","2552409","robust",NA,NA,NA,NA,NA,NA,NA,NA,NA,NA,0,0,0.0525,0,0,0,0,0,0,NA,0,NA,3.25,0.326172,45.4,6.063834,0.215,0.044478,NA,NA,NA,NA,NA,NA,NA,NA,NA,NA,NA,NA,NA,NA,NA,NA,NA,NA,NA,NA,NA,NA,NA,NA,NA,NA
"157","Marquez Valdes-Scantling","KC","WR","2560907","robust",NA,NA,NA,NA,NA,NA,NA,NA,NA,NA,0.0125,0.037065,0.15,0.232274,0,0,0,0,0,NA,0,NA,3.48,0.281694,49.8,2.66868000000001,0.21,0.088956,NA,NA,NA,NA,NA,NA,NA,NA,NA,NA,NA,NA,NA,NA,NA,NA,NA,NA,NA,NA,NA,NA,NA,NA,NA,NA
"158","Chase Claypool","PIT","WR","2564970","robust",NA,NA,NA,NA,NA,NA,NA,NA,NA,NA,0.915,NA,5.51125,0.294049,0.016823405613692,0,0,0,0,NA,0,NA,3.5325,0.14826,45.705,1.76429400000001,0.2,0,NA,NA,NA,NA,NA,NA,NA,NA,NA,NA,NA,NA,NA,NA,NA,NA,NA,NA,NA,NA,NA,NA,NA,NA,NA,NA
"159","Mack Hollins","LVR","WR","2558262","robust",NA,NA,NA,NA,NA,NA,NA,NA,NA,NA,0,0,0,0,0,0,0,0,0,NA,0,NA,3,0.400302,45.54,8.480472,0.2,0.014826,NA,NA,NA,NA,NA,NA,NA,NA,NA,NA,NA,NA,NA,NA,NA,NA,NA,NA,NA,NA,NA,NA,NA,NA,NA,NA
"160","Romeo Doubs","GB","WR","2567586","robust",NA,NA,NA,NA,NA,NA,NA,NA,NA,NA,0.0875,0.037065,0.682916666666667,0.44478,0,0,0.1,0,0,NA,0.01,0,4.1,0.29652,48.94,1.18608,0.3,0,NA,NA,NA,NA,NA,NA,NA,NA,NA,NA,NA,NA,NA,NA,NA,NA,NA,NA,NA,NA,NA,NA,NA,NA,NA,NA
"161","Noah Brown","DAL","WR","2558091","robust",NA,NA,NA,NA,NA,NA,NA,NA,NA,NA,0,0,0.0225,0,0,0,0,0,0,NA,0,NA,3.15,0.148259999999999,41.55,1.378818,0.185,0.029652,NA,NA,NA,NA,NA,NA,NA,NA,NA,NA,NA,NA,NA,NA,NA,NA,NA,NA,NA,NA,NA,NA,NA,NA,NA,NA
"162","Donovan Peoples-Jones","CLE","WR","2563803","robust",NA,NA,NA,NA,NA,NA,NA,NA,NA,NA,0.0125,0.037065,0.195,0.14826,0,0,0,0,0,NA,0,NA,3.2575,0.400302,48.055,2.490768,0.15,0.07413,NA,NA,NA,NA,NA,NA,NA,NA,NA,NA,NA,NA,NA,NA,NA,NA,NA,NA,NA,NA,NA,NA,NA,NA,NA,NA
"163","Tre'Quan Smith","NO","WR","2560878","robust",NA,NA,NA,NA,NA,NA,NA,NA,NA,NA,0,0,0.02875,0,0,0,0.0125,0.037065,0,NA,0,NA,2.7975,0.622692,39.2125,9.19212,0.2,0.14826,NA,NA,NA,NA,NA,NA,NA,NA,NA,NA,NA,NA,NA,NA,NA,NA,NA,NA,NA,NA,NA,NA,NA,NA,NA,NA
"164","Olamide Zaccheaus","ATL","WR","2562808","robust",NA,NA,NA,NA,NA,NA,NA,NA,NA,NA,0,0,0.339166666666667,0.14826,0.01,0,0.05,0.07413,0,NA,0,NA,2.6,0.29652,38.115,10.52646,0.1925,0.192738,NA,NA,NA,NA,NA,NA,NA,NA,NA,NA,NA,NA,NA,NA,NA,NA,NA,NA,NA,NA,NA,NA,NA,NA,NA,NA
"165","Zay Jones","JAC","WR","2557863","robust",NA,NA,NA,NA,NA,NA,NA,NA,NA,NA,0.125,0.037065,0.4,0.575743,0,0,0,0,0,NA,0,NA,4.195,0.252042,43.325,3.7065,0.2175,0.07413,NA,NA,NA,NA,NA,NA,NA,NA,NA,NA,NA,NA,NA,NA,NA,NA,NA,NA,NA,NA,NA,NA,NA,NA,NA,NA
"166","Darius Slayton","NYG","WR","2562736","robust",NA,NA,NA,NA,NA,NA,NA,NA,NA,NA,0.0125,0.037065,-0.0275,0.081543,0,0,0,0,0,NA,0,NA,2.7,0.311346,37.815,5.38183799999999,0.115,0.044478,NA,NA,NA,NA,NA,NA,NA,NA,NA,NA,NA,NA,NA,NA,NA,NA,NA,NA,NA,NA,NA,NA,NA,NA,NA,NA
"167","DeAndre Carter","LAC","WR","2553502","robust",NA,NA,NA,NA,NA,NA,NA,NA,NA,NA,0.1875,0.037065,1.08166666666667,0.14826,0,0,0.0125,0.037065,0,NA,0,NA,2.7975,0.7413,34.7775,12.75036,0.1675,0.07413,NA,NA,NA,NA,NA,NA,NA,NA,NA,NA,NA,NA,NA,NA,NA,NA,NA,NA,NA,NA,NA,NA,NA,NA,NA,NA
"168","Marvin Jones","JAC","WR","2532884","robust",NA,NA,NA,NA,NA,NA,NA,NA,NA,NA,0,0,0,0,0,0,0,0,0,NA,0,NA,3.1,0.29652,35.675,3.40998,0.1975,0.14826,NA,NA,NA,NA,NA,NA,NA,NA,NA,NA,NA,NA,NA,NA,NA,NA,NA,NA,NA,NA,NA,NA,NA,NA,NA,NA
"169","Marquez Callaway","NO","WR","2565310","robust",NA,NA,NA,NA,NA,NA,NA,NA,NA,NA,0,0,0.0158333333333333,0,0,0,0.0125,0.037065,0,NA,0.01,0,3.165,0.177911999999999,40.05,0.7413,0.2,0.014826,NA,NA,NA,NA,NA,NA,NA,NA,NA,NA,NA,NA,NA,NA,NA,NA,NA,NA,NA,NA,NA,NA,NA,NA,NA,NA
"170","Devin Duvernay","BAL","WR","2563551","robust",NA,NA,NA,NA,NA,NA,NA,NA,NA,NA,0.639300996393423,NA,4.05958333333333,0.148259999999999,0.00826036818236066,0.014826,0.0125,0.037065,0,NA,0.06,0,2.985,0.14826,35.4375,1.897728,0.3,0,NA,NA,NA,NA,NA,NA,NA,NA,NA,NA,NA,NA,NA,NA,NA,NA,NA,NA,NA,NA,NA,NA,NA,NA,NA,NA
"171","Parris Campbell","IND","WR","2562495","robust",NA,NA,NA,NA,NA,NA,NA,NA,NA,NA,0.0125,0.037065,0.175,0.210035,0,0,0,0,0,NA,0,NA,3,0.44478,37.075,2.253552,0.2,0,NA,NA,NA,NA,NA,NA,NA,NA,NA,NA,NA,NA,NA,NA,NA,NA,NA,NA,NA,NA,NA,NA,NA,NA,NA,NA
"172","Nick Westbrook-Ikhine","TEN","WR","2565477","robust",NA,NA,NA,NA,NA,NA,NA,NA,NA,NA,0,0,0.02,0,0,0,0,0,0,NA,0,NA,2.56,0.504084,35.565,1.92738,0.15,0.103782,NA,NA,NA,NA,NA,NA,NA,NA,NA,NA,NA,NA,NA,NA,NA,NA,NA,NA,NA,NA,NA,NA,NA,NA,NA,NA
"173","Mecole Hardman","KC","WR","2562580","robust",NA,NA,NA,NA,NA,NA,NA,NA,NA,NA,0.38756458469588,NA,2.40083333333333,0.373121,0.00425544191975612,0,0.042,0.0622692,0,NA,0,NA,2.75,0.148259999999999,34.505,6.22692,0.2,0,NA,NA,NA,NA,NA,NA,NA,NA,NA,NA,NA,NA,NA,NA,NA,NA,NA,NA,NA,NA,NA,NA,NA,NA,NA,NA
"174","Wan'Dale Robinson","NYG","WR","2568012","robust",NA,NA,NA,NA,NA,NA,NA,NA,NA,NA,0.0875,0.037065,0.395,0.14826,0,0,0.0125,0.037065,0,NA,0,NA,3.2,0.504084,35.4,7.11648000000001,0.15,0.014826,NA,NA,NA,NA,NA,NA,NA,NA,NA,NA,NA,NA,NA,NA,NA,NA,NA,NA,NA,NA,NA,NA,NA,NA,NA,NA
"175","Tyquan Thornton","NE","WR","2567958","robust",NA,NA,NA,NA,NA,NA,NA,NA,NA,NA,0.5,NA,3.51083333333333,1.18608,0.0216666666666667,0.014826,0.0125,0.037065,0,NA,0,NA,2.295,0.415128,29.9,4.29954,0.155,0.07413,NA,NA,NA,NA,NA,NA,NA,NA,NA,NA,NA,NA,NA,NA,NA,NA,NA,NA,NA,NA,NA,NA,NA,NA,NA,NA
"176","Richie James","NYG","WR","2560761","robust",NA,NA,NA,NA,NA,NA,NA,NA,NA,NA,0.299705461583775,NA,1.35,0.526323,0.00138733905579399,0,0.1,0,0,NA,0,NA,2.2575,0.192738,26.795,1.571556,0.1,0.029652,NA,NA,NA,NA,NA,NA,NA,NA,NA,NA,NA,NA,NA,NA,NA,NA,NA,NA,NA,NA,NA,NA,NA,NA,NA,NA
"177","Marcus Johnson","NYG","WR","2556855","robust",NA,NA,NA,NA,NA,NA,NA,NA,NA,NA,0.0884615384615385,0.14826,0.6,0.7413,0,0,0,0,0,NA,0,NA,2.3,0.14826,27.4,0.593039999999998,0.1,0,NA,NA,NA,NA,NA,NA,NA,NA,NA,NA,NA,NA,NA,NA,NA,NA,NA,NA,NA,NA,NA,NA,NA,NA,NA,NA
"178","A.J. Green","ARI","WR","2495450","robust",NA,NA,NA,NA,NA,NA,NA,NA,NA,NA,0,0,0,0,0,0,0,0,0,NA,0,NA,1.9,0.163086,24.0925,1.586382,0.1,0,NA,NA,NA,NA,NA,NA,NA,NA,NA,NA,NA,NA,NA,NA,NA,NA,NA,NA,NA,NA,NA,NA,NA,NA,NA,NA
"179","Sammy Watkins","GB","WR","2543457","robust",NA,NA,NA,NA,NA,NA,NA,NA,NA,NA,0,0,0.095,0.014826,0,0,0,0,0,NA,0,NA,1.8525,1.18608,24.9175,11.223282,0.09,0.029652,NA,NA,NA,NA,NA,NA,NA,NA,NA,NA,NA,NA,NA,NA,NA,NA,NA,NA,NA,NA,NA,NA,NA,NA,NA,NA
"180","Dante Pettis","CHI","WR","2560836","robust",NA,NA,NA,NA,NA,NA,NA,NA,NA,NA,0,0,0.1,0.14826,0,0,0,0,0,NA,0,NA,1.56,0.44478,25.695,7.086828,0.2,0,NA,NA,NA,NA,NA,NA,NA,NA,NA,NA,NA,NA,NA,NA,NA,NA,NA,NA,NA,NA,NA,NA,NA,NA,NA,NA
"181","Shi Smith","CAR","WR","2565908","robust",NA,NA,NA,NA,NA,NA,NA,NA,NA,NA,0,0,0.0675,0,0,0,0.0125,0.037065,0,NA,0.01,0,2.12,0.14826,27.3925,4.4478,0.1,0,NA,NA,NA,NA,NA,NA,NA,NA,NA,NA,NA,NA,NA,NA,NA,NA,NA,NA,NA,NA,NA,NA,NA,NA,NA,NA
"182","Nelson Agholor","NE","WR","2552600","robust",NA,NA,NA,NA,NA,NA,NA,NA,NA,NA,0.0125,0.0185325,0.325,0.14826,0,0,0.075,0.07413,0,NA,0,NA,1.9,0.29652,28.05,6.15279,0.2,0.088956,NA,NA,NA,NA,NA,NA,NA,NA,NA,NA,NA,NA,NA,NA,NA,NA,NA,NA,NA,NA,NA,NA,"Q","Hamstring",7,2022
"183","Equanimeous St. Brown","CHI","WR","2560883","robust",NA,NA,NA,NA,NA,NA,NA,NA,NA,NA,0.3,NA,1.747,0.2179422,0.0025186170212766,0.00274044414893617,0,0,0,NA,0,NA,1.55,0.252042,22.46,1.060059,0.1,0,NA,NA,NA,NA,NA,NA,NA,NA,NA,NA,NA,NA,NA,NA,NA,NA,NA,NA,NA,NA,NA,NA,NA,NA,NA,NA
"184","Kalif Raymond","DET","WR","2556661","robust",NA,NA,NA,NA,NA,NA,NA,NA,NA,NA,0.18125,0.10934175,1.05,0.14826,0.00115384615384615,0,0.05,0.07413,0,NA,0.01,0,2.3,0.118608,28.55,3.195003,0.13,0,NA,NA,NA,NA,NA,NA,NA,NA,NA,NA,NA,NA,NA,NA,NA,NA,NA,NA,NA,NA,NA,NA,NA,NA,NA,NA
"185","Laviska Shenault","CAR","WR","2564232","robust",NA,NA,NA,NA,NA,NA,NA,NA,NA,NA,0.390649038461538,NA,2.32041666666667,0.531264999999999,0.00320231592337623,0,0,0,0,NA,0,NA,2.335,0.415128,23.2,6.716178,0.1,0.014826,NA,NA,NA,NA,NA,NA,NA,NA,NA,NA,NA,NA,NA,NA,NA,NA,NA,NA,NA,NA,NA,NA,NA,NA,NA,NA
"186","KhaDarel Hodge","ATL","WR","2561653","robust",NA,NA,NA,NA,NA,NA,NA,NA,NA,NA,0,0,0.01,0,0,0,0,0,0,NA,0,NA,1.2,0.170499,17.8,2.00151,0.085,0.014826,NA,NA,NA,NA,NA,NA,NA,NA,NA,NA,NA,NA,NA,NA,NA,NA,NA,NA,NA,NA,NA,NA,NA,NA,NA,NA
"187","KJ Hamler","DEN","WR","2563890","robust",NA,NA,NA,NA,NA,NA,NA,NA,NA,NA,0.2625,0.111195,0.920833333333333,0.44478,0,0,0,0,0,NA,0,NA,1.4,0.29652,22.42,6.52344,0.065,0.014826,NA,NA,NA,NA,NA,NA,NA,NA,NA,NA,NA,NA,NA,NA,NA,NA,NA,NA,NA,NA,NA,NA,NA,NA,NA,NA
"188","Denzel Mims","NYJ","WR","2564802","robust",NA,NA,NA,NA,NA,NA,NA,NA,NA,NA,0,0,0.004,0,0,0,0,0,0,NA,0,NA,1,0.163086,13.255,1.40847,0.015,0,NA,NA,NA,NA,NA,NA,NA,NA,NA,NA,NA,NA,NA,NA,NA,NA,NA,NA,NA,NA,NA,NA,NA,NA,NA,NA
"189","David Sills","NYG","WR","2562732","robust",NA,NA,NA,NA,NA,NA,NA,NA,NA,NA,0,0,0.09875,0.103782,0,0,0,0,0,NA,0,NA,1.7,0.44478,20,4.00302,0.0625,0.014826,NA,NA,NA,NA,NA,NA,NA,NA,NA,NA,NA,NA,NA,NA,NA,NA,NA,NA,NA,NA,NA,NA,NA,NA,NA,NA
"190","Jalen Tolbert","DAL","WR","2567508","robust",NA,NA,NA,NA,NA,NA,NA,NA,NA,NA,0.0125,0.0185325,0.3,0.378063,0,0,0.0125,0.0185325,0,NA,0,NA,0.985,0.14826,12.865,2.735397,0.095,0.037065,NA,NA,NA,NA,NA,NA,NA,NA,NA,NA,NA,NA,NA,NA,NA,NA,NA,NA,NA,NA,NA,NA,NA,NA,NA,NA
"191","Justin Watson","KC","WR","2560051","robust",NA,NA,NA,NA,NA,NA,NA,NA,NA,NA,0,0,0,0,0,0,0,0,0,NA,0,NA,0.805,0.289107,10.535,4.677603,0.1,0.029652,NA,NA,NA,NA,NA,NA,NA,NA,NA,NA,NA,NA,NA,NA,NA,NA,NA,NA,NA,NA,NA,NA,NA,NA,NA,NA
"192","Michael Bandy","LAC","WR","2567175","robust",NA,NA,NA,NA,NA,NA,NA,NA,NA,NA,0,0,0.1,0.07413,0,0,0,0,0,NA,0,NA,1.2575,0.867321,17.2275,13.410117,0.1175,0.096369,NA,NA,NA,NA,NA,NA,NA,NA,NA,NA,NA,NA,NA,NA,NA,NA,NA,NA,NA,NA,NA,NA,NA,NA,NA,NA
"193","Kendrick Bourne","NE","WR","2558914","robust",NA,NA,NA,NA,NA,NA,NA,NA,NA,NA,0.2675,NA,2.35,0.59304,0.00303225806451613,0,0,0,0,NA,0,NA,1.3,0.66717,17.425,8.339625,0.07,0,NA,NA,NA,NA,NA,NA,NA,NA,NA,NA,NA,NA,NA,NA,NA,NA,NA,NA,NA,NA,NA,NA,"Q","Toe",7,2022
"194","Jauan Jennings","SF","WR","2565114","robust",NA,NA,NA,NA,NA,NA,NA,NA,NA,NA,0,0,0,0,0,0,0,0,0,NA,0,NA,1.9975,0.14826,23.25,2.386986,0.1,0,NA,NA,NA,NA,NA,NA,NA,NA,NA,NA,NA,NA,NA,NA,NA,NA,NA,NA,NA,NA,NA,NA,NA,NA,NA,NA
"195","Cedrick Wilson","MIA","WR","2560936","robust",NA,NA,NA,NA,NA,NA,NA,NA,NA,NA,0.181089743589744,NA,0.715,0.42007,0.000925641025641026,0,0,0,0,NA,0,NA,1.2,0.29652,16.475,4.862928,0.0875,0,NA,NA,NA,NA,NA,NA,NA,NA,NA,NA,NA,NA,NA,NA,NA,NA,NA,NA,NA,NA,NA,NA,NA,NA,NA,NA
"196","Robby Anderson","ARI","WR","2556462","robust",NA,NA,NA,NA,NA,NA,NA,NA,NA,NA,0.0125,0.0185325,0.295,0.29652,0,0,0.05,0.07413,0,NA,0,NA,1.7,0.400302,22.1,1.63086,0.105,0.00741300000000001,NA,NA,NA,NA,NA,NA,NA,NA,NA,NA,NA,NA,NA,NA,NA,NA,NA,NA,NA,NA,NA,NA,NA,NA,NA,NA
"197","Rashard Higgins","CAR","WR","2555468","robust",NA,NA,NA,NA,NA,NA,NA,NA,NA,NA,0,0,0,0,0,0,0,0,0,NA,0,NA,0.99,0.845082,12.515,8.96973,0.05,0.029652,NA,NA,NA,NA,NA,NA,NA,NA,NA,NA,NA,NA,NA,NA,NA,NA,NA,NA,NA,NA,NA,NA,NA,NA,NA,NA
"198","Amari Rodgers","GB","WR","2566091","robust",NA,NA,NA,NA,NA,NA,NA,NA,NA,NA,0.125,0.07413,0.8,0.726474,0.01,0,0.0125,0.0185325,0,NA,0,NA,1.075,0.29652,15.89,4.37367,0.065,0.037065,NA,NA,NA,NA,NA,NA,NA,NA,NA,NA,NA,NA,NA,NA,NA,NA,NA,NA,NA,NA,NA,NA,NA,NA,NA,NA
"199","Braxton Berrios","NYJ","WR","2560975","robust",NA,NA,NA,NA,NA,NA,NA,NA,NA,NA,0.7,NA,5.36083333333333,0.800604,0.1,0.059304,0.0125,0.037065,0,NA,0.01,0,1.6125,0.37065,16.425,1.4826,0.085,0,NA,NA,NA,NA,NA,NA,NA,NA,NA,NA,NA,NA,NA,NA,NA,NA,NA,NA,NA,NA,NA,NA,NA,NA,NA,NA
"200","Trent Sherfield","MIA","WR","2561272","robust",NA,NA,NA,NA,NA,NA,NA,NA,NA,NA,0,0,0,0,0,0,0,0,0,NA,0,NA,1.565,0.103782,17.425,1.942206,0.085,0.014826,NA,NA,NA,NA,NA,NA,NA,NA,NA,NA,NA,NA,NA,NA,NA,NA,NA,NA,NA,NA,NA,NA,NA,NA,NA,NA
"201","Juwann Winfree","GB","WR","2562956","robust",NA,NA,NA,NA,NA,NA,NA,NA,NA,NA,0,0,0.2,0,0,0,0.1,0,0,NA,0,NA,1.6,0,23.6,0,0.1,0,NA,NA,NA,NA,NA,NA,NA,NA,NA,NA,NA,NA,NA,NA,NA,NA,NA,NA,NA,NA,NA,NA,NA,NA,NA,NA
"202","David Bell","CLE","WR","2567460","robust",NA,NA,NA,NA,NA,NA,NA,NA,NA,NA,0.0875,0.037065,0.3,0.281694,0,0,0.0125,0.037065,0,NA,0,NA,1.3225,0.29652,18.025,2.9652,0.06,0.014826,NA,NA,NA,NA,NA,NA,NA,NA,NA,NA,NA,NA,NA,NA,NA,NA,NA,NA,NA,NA,NA,NA,NA,NA,NA,NA
"203","Cam Sims","WAS","WR","2561067","robust",NA,NA,NA,NA,NA,NA,NA,NA,NA,NA,0.0875,0,0.1,0.044478,0,0,0,0,0,NA,0,NA,1.48,0,18.645,2.07564,0.08,0,NA,NA,NA,NA,NA,NA,NA,NA,NA,NA,NA,NA,NA,NA,NA,NA,NA,NA,NA,NA,NA,NA,NA,NA,NA,NA
"204","Kendall Hinton","DEN","WR","2563893","robust",NA,NA,NA,NA,NA,NA,NA,NA,NA,NA,0.00333333333333333,0,0.1,0.088956,0,0,0,0,0,NA,0,NA,0.9,0.474432,12.2,4.492278,0.05,0.07413,NA,NA,NA,NA,NA,NA,NA,NA,NA,NA,NA,NA,NA,NA,NA,NA,NA,NA,NA,NA,NA,NA,NA,NA,NA,NA
"205","Chris Moore","HOU","WR","2555209","robust",NA,NA,NA,NA,NA,NA,NA,NA,NA,NA,0,0,0,0,0,0,0,0,0,NA,0,NA,1.9,0.00741300000000001,21.7,0.911798999999998,0.11,0,NA,NA,NA,NA,NA,NA,NA,NA,NA,NA,NA,NA,NA,NA,NA,NA,NA,NA,NA,NA,NA,NA,NA,NA,NA,NA
"206","Bryan Edwards","ATL","WR","2564418","robust",NA,NA,NA,NA,NA,NA,NA,NA,NA,NA,0,0,0,0,0,0,0,0,0,NA,0,NA,0.985,0.29652,12.695,5.11497,0.075,0,NA,NA,NA,NA,NA,NA,NA,NA,NA,NA,NA,NA,NA,NA,NA,NA,NA,NA,NA,NA,NA,NA,NA,NA,NA,NA
"207","Damiere Byrd","ATL","WR","2553499","robust",NA,NA,NA,NA,NA,NA,NA,NA,NA,NA,0.0125,0.0185325,0.065,0.07413,0,0,0,0,0,NA,0,NA,0.96,0.59304,12.035,6.619809,0.02,0.014826,NA,NA,NA,NA,NA,NA,NA,NA,NA,NA,NA,NA,NA,NA,NA,NA,NA,NA,NA,NA,NA,NA,NA,NA,NA,NA
"208","Marquise Goodwin","SEA","WR","2539964","robust",NA,NA,NA,NA,NA,NA,NA,NA,NA,NA,0.0125,0.0185325,0.03,0,0,0,0,0,0,NA,0,NA,1.33,0.14826,17.9,2.2239,0.1,0.007413,NA,NA,NA,NA,NA,NA,NA,NA,NA,NA,NA,NA,NA,NA,NA,NA,NA,NA,NA,NA,NA,NA,NA,NA,NA,NA
"209","Mike Thomas","CIN","WR","2556381","robust",NA,NA,NA,NA,NA,NA,NA,NA,NA,NA,0,0,0,0,0,0,0.0125,0.0185325,0,NA,0,NA,0.86,0.0889560000000001,11.255,0.244629,0.075,0.022239,NA,NA,NA,NA,NA,NA,NA,NA,NA,NA,NA,NA,NA,NA,NA,NA,NA,NA,NA,NA,NA,NA,NA,NA,NA,NA
"210","Breshad Perriman","TB","WR","2552597","robust",NA,NA,NA,NA,NA,NA,NA,NA,NA,NA,0.273088164483821,0.103782,1.1,0.808017,0.005,0,0.05,0.07413,0,NA,0,NA,0.88,0.348411,11.35,3.33585,0.1,0.029652,NA,NA,NA,NA,NA,NA,NA,NA,NA,NA,NA,NA,NA,NA,NA,NA,NA,NA,NA,NA,NA,NA,NA,NA,NA,NA
"211","Cody Hollister","TEN","WR","2558955","robust",NA,NA,NA,NA,NA,NA,NA,NA,NA,NA,0,0,0.2,0.14826,0,0,0,0,0,NA,0,NA,1.2175,0.318759,15.2475,4.529343,0.07,0.029652,NA,NA,NA,NA,NA,NA,NA,NA,NA,NA,NA,NA,NA,NA,NA,NA,NA,NA,NA,NA,NA,NA,NA,NA,NA,NA
"212","Demarcus Robinson","BAL","WR","2555478","robust",NA,NA,NA,NA,NA,NA,NA,NA,NA,NA,0,0,0.02,0,0,0,0,0,0,NA,0,NA,1.65,0.029652,16.86,0.667169999999999,0.135,0.00741300000000001,NA,NA,NA,NA,NA,NA,NA,NA,NA,NA,NA,NA,NA,NA,NA,NA,NA,NA,NA,NA,NA,NA,NA,NA,NA,NA
"213","Skyy Moore","KC","WR","2567805","robust",NA,NA,NA,NA,NA,NA,NA,NA,NA,NA,0,0,0.1,0.0904386,0,0,0,0,0,NA,0.01,0,1.15,0.200151,16.97,1.504839,0.05,0.00741300000000001,NA,NA,NA,NA,NA,NA,NA,NA,NA,NA,NA,NA,NA,NA,NA,NA,NA,NA,NA,NA,NA,NA,NA,NA,NA,NA
"214","Tom Kennedy","DET","WR","2563319","robust",NA,NA,NA,NA,NA,NA,NA,NA,NA,NA,0,0,0.03,0.029652,0,0,0,0,0,NA,0,NA,0.96,0.637518,12.215,7.78365,0.0625,0.037065,NA,NA,NA,NA,NA,NA,NA,NA,NA,NA,NA,NA,NA,NA,NA,NA,NA,NA,NA,NA,NA,NA,NA,NA,NA,NA
"215","James Proche","BAL","WR","2563572","robust",NA,NA,NA,NA,NA,NA,NA,NA,NA,NA,0,0,0.00875,0,0,0,0,0,0,NA,0,NA,0.695,0.0741299999999999,8.67,1.690164,0.025,0,NA,NA,NA,NA,NA,NA,NA,NA,NA,NA,NA,NA,NA,NA,NA,NA,NA,NA,NA,NA,NA,NA,NA,NA,NA,NA
"216","Phillip Dorsett","HOU","WR","2552424","robust",NA,NA,NA,NA,NA,NA,NA,NA,NA,NA,0,0,0.1,0.14826,0,0,0,0,0,NA,0,NA,0.95,0.326172,12.84,1.363992,0.09,0.014826,NA,NA,NA,NA,NA,NA,NA,NA,NA,NA,NA,NA,NA,NA,NA,NA,NA,NA,NA,NA,NA,NA,NA,NA,NA,NA
"217","D'Wayne Eskridge","SEA","WR","2566553","robust",NA,NA,NA,NA,NA,NA,NA,NA,NA,NA,0,0,1.05,1.18608,0,0,0,0,0,NA,0.01,0,1.1,0.14826,11.89,1.33434,0.075,0.029652,NA,NA,NA,NA,NA,NA,NA,NA,NA,NA,NA,NA,NA,NA,NA,NA,NA,NA,NA,NA,NA,NA,NA,NA,NA,NA
"218","Samori Toure","GB","WR","2567628","robust",NA,NA,NA,NA,NA,NA,NA,NA,NA,NA,0,0,0.255,0,0,0,0,0,0,NA,0,NA,0.9175,0,10.63,0,0.1,0,NA,NA,NA,NA,NA,NA,NA,NA,NA,NA,NA,NA,NA,NA,NA,NA,NA,NA,NA,NA,NA,NA,NA,NA,NA,NA
"219","Greg Dortch","ARI","WR","2562561","robust",NA,NA,NA,NA,NA,NA,NA,NA,NA,NA,0,0,0.325,0.14826,0,0,0,0,0,NA,0,NA,0.9,0.14826,10,2.07564,0.025,0,NA,NA,NA,NA,NA,NA,NA,NA,NA,NA,NA,NA,NA,NA,NA,NA,NA,NA,NA,NA,NA,NA,NA,NA,NA,NA
"220","Ray-Ray McCloud","SF","WR","2560801","robust",NA,NA,NA,NA,NA,NA,NA,NA,NA,NA,0,0,0.1,0.14826,0,0,0,0,0,NA,0.01,0,1.025,0.0741300000000001,10.765,2.00151,0.06,0.059304,NA,NA,NA,NA,NA,NA,NA,NA,NA,NA,NA,NA,NA,NA,NA,NA,NA,NA,NA,NA,NA,NA,NA,NA,NA,NA
"221","Jason Moore","LAC","WR","2562860","robust",NA,NA,NA,NA,NA,NA,NA,NA,NA,NA,0,0,0,0,0,0,0,0,0,NA,0,NA,0.625,0.17297,6.76,7.828128,0.0522404371584699,0.0674866557377049,NA,NA,NA,NA,NA,NA,NA,NA,NA,NA,NA,NA,NA,NA,NA,NA,NA,NA,NA,NA,NA,NA,NA,NA,NA,NA
"222","Mike Strachan","IND","WR","2565615","robust",NA,NA,NA,NA,NA,NA,NA,NA,NA,NA,0,0,0,0,0,0,0,0,0,NA,0,NA,0.69,0,9.58,0.296519999999999,0.015,0,NA,NA,NA,NA,NA,NA,NA,NA,NA,NA,NA,NA,NA,NA,NA,NA,NA,NA,NA,NA,NA,NA,NA,NA,NA,NA
"223","Velus Jones","CHI","WR","2567409","robust",NA,NA,NA,NA,NA,NA,NA,NA,NA,NA,0.05,0.037065,0.9175,0.733887,0,0,0,0,0,NA,0,NA,0.705,0.081543,8.66,0.800604000000001,0.05,0.044478,NA,NA,NA,NA,NA,NA,NA,NA,NA,NA,NA,NA,NA,NA,NA,NA,NA,NA,NA,NA,NA,NA,NA,NA,NA,NA
"224","Scott Miller","TB","WR","2562865","robust",NA,NA,NA,NA,NA,NA,NA,NA,NA,NA,0,0,1.715,0.59304,0,0,0,0,0,NA,0,NA,0.8925,0.200151,10.405,1.18608,0,0,NA,NA,NA,NA,NA,NA,NA,NA,NA,NA,NA,NA,NA,NA,NA,NA,NA,NA,NA,NA,NA,NA,NA,NA,NA,NA
"225","DJ Turner","LVR","WR","2565666","robust",NA,NA,NA,NA,NA,NA,NA,NA,NA,NA,0,0,0.24,0,0,0,0,0,0,NA,0,NA,0.485,0.252042,7.155,2.312856,0.04,0.044478,NA,NA,NA,NA,NA,NA,NA,NA,NA,NA,NA,NA,NA,NA,NA,NA,NA,NA,NA,NA,NA,NA,NA,NA,NA,NA
"226","Mike Woods","CLE","WR","2567481","robust",NA,NA,NA,NA,NA,NA,NA,NA,NA,NA,0,0,0.1425,0.14826,0,0,0,0,0,NA,0,NA,0.4525,0.311346,6.035,4.306953,0.0075,0.007413,NA,NA,NA,NA,NA,NA,NA,NA,NA,NA,NA,NA,NA,NA,NA,NA,NA,NA,NA,NA,NA,NA,NA,NA,NA,NA
"227","Dax Milne","WAS","WR","2566601","robust",NA,NA,NA,NA,NA,NA,NA,NA,NA,NA,0,0,0.3,0.22239,0,0,0,0,0,NA,0.01,0,0.65,0.22239,8.4625,1.816185,0.015,0.014826,NA,NA,NA,NA,NA,NA,NA,NA,NA,NA,NA,NA,NA,NA,NA,NA,NA,NA,NA,NA,NA,NA,NA,NA,NA,NA
"228","N'Keal Harry","CHI","WR","2562659","robust",NA,NA,NA,NA,NA,NA,NA,NA,NA,NA,0,0,0,0,0,0,0,0,0,NA,0,NA,0.45,0.281694,6.675,4.610886,0.05,0.059304,NA,NA,NA,NA,NA,NA,NA,NA,NA,NA,NA,NA,NA,NA,NA,NA,NA,NA,NA,NA,NA,NA,NA,NA,NA,NA
"229","Travis Kelce","KC","TE","2540258","robust",NA,NA,NA,NA,NA,NA,NA,NA,NA,NA,0,0,0.24125,0.7153545,0.00125,0.0037065,0.0875,0.037065,0,NA,0,NA,6.5,0.29652,72.835,2.07564000000001,0.775,0.14826,NA,NA,NA,NA,NA,NA,NA,NA,NA,NA,NA,NA,NA,NA,NA,NA,NA,NA,NA,NA,NA,NA,NA,NA,NA,NA
"230","Mark Andrews","BAL","TE","2560957","robust",NA,NA,NA,NA,NA,NA,NA,NA,NA,NA,0,0,0.12375,0.3669435,0,0,0.0875,0.037065,0,NA,0,NA,5.95,0.29652,73.6125,2.9652,0.7725,0.29652,NA,NA,NA,NA,NA,NA,NA,NA,NA,NA,NA,NA,NA,NA,NA,NA,NA,NA,NA,NA,NA,NA,NA,NA,NA,NA
"231","George Kittle","SF","TE","2558266","robust",NA,NA,NA,NA,NA,NA,NA,NA,NA,NA,0,0,0.01625,0.0481845,0,0,0.05,0.07413,0,NA,0,NA,4.8375,0.607865999999999,55.035,6.37518,0.32,0.14826,NA,NA,NA,NA,NA,NA,NA,NA,NA,NA,NA,NA,NA,NA,NA,NA,NA,NA,NA,NA,NA,NA,NA,NA,NA,NA
"232","David Njoku","CLE","TE","2557986","robust",NA,NA,NA,NA,NA,NA,NA,NA,NA,NA,0,0,-0.2,0.14826,0,0,0.05,0.07413,0,NA,0,NA,3.9,0.363237,46.8,3.40998,0.2,0.014826,NA,NA,NA,NA,NA,NA,NA,NA,NA,NA,NA,NA,NA,NA,NA,NA,NA,NA,NA,NA,NA,NA,NA,NA,NA,NA
"233","Zach Ertz","ARI","TE","2540158","robust",NA,NA,NA,NA,NA,NA,NA,NA,NA,NA,0,0,0.0475,0.0630105,0,0,0,0,0,NA,0,NA,4.6,0.296519999999999,45.5,6.6717,0.305,0.118608,NA,NA,NA,NA,NA,NA,NA,NA,NA,NA,NA,NA,NA,NA,NA,NA,NA,NA,NA,NA,NA,NA,NA,NA,NA,NA
"234","Kyle Pitts","ATL","TE","2565830","robust",NA,NA,NA,NA,NA,NA,NA,NA,NA,NA,0,0,0.00625,0.0185325,0,0,0,0,0,NA,0,NA,3.6,0.252042,49.4,2.66868,0.2,0,NA,NA,NA,NA,NA,NA,NA,NA,NA,NA,NA,NA,NA,NA,NA,NA,NA,NA,NA,NA,NA,NA,NA,NA,NA,NA
"235","Robert Tonyan","GB","TE","2559270","robust",NA,NA,NA,NA,NA,NA,NA,NA,NA,NA,0,0,0.00625,0.0185325,0,0,0,0,0,NA,0,NA,3.825,0.29652,39.35,2.81694,0.245,0.059304,NA,NA,NA,NA,NA,NA,NA,NA,NA,NA,NA,NA,NA,NA,NA,NA,NA,NA,NA,NA,NA,NA,NA,NA,NA,NA
"236","Gerald Everett","LAC","TE","2557889","robust",NA,NA,NA,NA,NA,NA,NA,NA,NA,NA,0,0,0.3775,0.1964445,0,0,0.0125,0.037065,0,NA,0,NA,4.05,0.148259999999999,45.5275,4.255062,0.3,0.044478,NA,NA,NA,NA,NA,NA,NA,NA,NA,NA,NA,NA,NA,NA,NA,NA,NA,NA,NA,NA,NA,NA,NA,NA,NA,NA
"237","T.J. Hockenson","DET","TE","2562378","robust",NA,NA,NA,NA,NA,NA,NA,NA,NA,NA,0,0,0.00625,0.0185325,0,0,0,0,0,NA,0,NA,4.02,0.118608,43.66,0.518910000000002,0.37,0.088956,NA,NA,NA,NA,NA,NA,NA,NA,NA,NA,NA,NA,NA,NA,NA,NA,NA,NA,NA,NA,NA,NA,NA,NA,NA,NA
"238","Pat Freiermuth","PIT","TE","2566442","robust",NA,NA,NA,NA,NA,NA,NA,NA,NA,NA,0,0,0.0075,0.022239,0,0,0,0,0,NA,0,NA,3.895,0.133434,40.145,1.20090599999999,0.21,0.029652,NA,NA,NA,NA,NA,NA,NA,NA,NA,NA,NA,NA,NA,NA,NA,NA,NA,NA,NA,NA,NA,NA,NA,NA,NA,NA
"239","Hunter Henry","NE","TE","2555341","robust",NA,NA,NA,NA,NA,NA,NA,NA,NA,NA,0,0,0.00875,0.0259455,0,0,0,0,0,NA,0,NA,2.865,0.237216,32.6,1.18608,0.2275,0.044478,NA,NA,NA,NA,NA,NA,NA,NA,NA,NA,NA,NA,NA,NA,NA,NA,NA,NA,NA,NA,NA,NA,NA,NA,NA,NA
"240","Hayden Hurst","CIN","TE","2560747","robust",NA,NA,NA,NA,NA,NA,NA,NA,NA,NA,0,0,0.01125,0.0333585,0,0,0,0,0,NA,0,NA,3.75,0.148259999999999,35.5775,4.74431999999999,0.3,0.014826,NA,NA,NA,NA,NA,NA,NA,NA,NA,NA,NA,NA,NA,NA,NA,NA,NA,NA,NA,NA,NA,NA,NA,NA,NA,NA
"241","Dalton Schultz","DAL","TE","2560866","robust",NA,NA,NA,NA,NA,NA,NA,NA,NA,NA,0,0,0.0075,0.022239,0,0,0.05,0.07413,0,NA,0,NA,3.49,0.0889560000000001,36.31,2.475942,0.25,0.088956,NA,NA,NA,NA,NA,NA,NA,NA,NA,NA,NA,NA,NA,NA,NA,NA,NA,NA,NA,NA,NA,NA,NA,NA,NA,NA
"242","Foster Moreau","LVR","TE","2562317","robust",NA,NA,NA,NA,NA,NA,NA,NA,NA,NA,0,0,0.00875,0.0259455,0,0,0,0,0,NA,0,NA,2.4025,0.281694,30.9475,11.1195,0.115,0.044478,NA,NA,NA,NA,NA,NA,NA,NA,NA,NA,NA,NA,NA,NA,NA,NA,NA,NA,NA,NA,NA,NA,NA,NA,NA,NA
"243","Noah Fant","SEA","TE","2562383","robust",NA,NA,NA,NA,NA,NA,NA,NA,NA,NA,0,0,0.0075,0.022239,0,0,0,0,0,NA,0,NA,3,0,31.12,1.63086,0.1575,0.029652,NA,NA,NA,NA,NA,NA,NA,NA,NA,NA,NA,NA,NA,NA,NA,NA,NA,NA,NA,NA,NA,NA,NA,NA,NA,NA
"244","Mike Gesicki","MIA","TE","2560994","robust",NA,NA,NA,NA,NA,NA,NA,NA,NA,NA,0,0,0.0025,0.007413,0,0,0,0,0,NA,0,NA,2.5,0.29652,29.8,1.319514,0.2,0.044478,NA,NA,NA,NA,NA,NA,NA,NA,NA,NA,NA,NA,NA,NA,NA,NA,NA,NA,NA,NA,NA,NA,NA,NA,NA,NA
"245","Evan Engram","JAC","TE","2557858","robust",NA,NA,NA,NA,NA,NA,NA,NA,NA,NA,0.14,0,0.36,0.311346,0.00666666666666667,0,0,0,0,NA,0,NA,3.275,0.29652,32.6,2.846592,0.185,0,NA,NA,NA,NA,NA,NA,NA,NA,NA,NA,NA,NA,NA,NA,NA,NA,NA,NA,NA,NA,NA,NA,NA,NA,NA,NA
"246","Greg Dulcich","DEN","TE","2567520","robust",NA,NA,NA,NA,NA,NA,NA,NA,NA,NA,0,0,0.0233333333333333,0.017297,0,0,0.0333333333333333,0.02471,0,NA,0,NA,2.7,0.0815429999999999,29.91,4.59606,0.17,0.059304,NA,NA,NA,NA,NA,NA,NA,NA,NA,NA,NA,NA,NA,NA,NA,NA,NA,NA,NA,NA,NA,NA,NA,NA,NA,NA
"247","O.J. Howard","HOU","TE","2557856","robust",NA,NA,NA,NA,NA,NA,NA,NA,NA,NA,0,0,0.0075,0.022239,0,0,0,0,0,NA,0,NA,1.6,0.429954,18.4975,6.6717,0.115,0.044478,NA,NA,NA,NA,NA,NA,NA,NA,NA,NA,NA,NA,NA,NA,NA,NA,NA,NA,NA,NA,NA,NA,NA,NA,NA,NA
"248","Daniel Bellinger","NYG","TE","2567985","robust",NA,NA,NA,NA,NA,NA,NA,NA,NA,NA,0.225,0,0.626666666666667,0.464548,0.04,0.014826,0.0125,0.0185325,0,NA,0,NA,3.1,0.0741300000000001,30.95,1.4826,0.2,0.103782,NA,NA,NA,NA,NA,NA,NA,NA,NA,NA,NA,NA,NA,NA,NA,NA,NA,NA,NA,NA,NA,NA,NA,NA,NA,NA
"249","Tyler Conklin","NYJ","TE","2561027","robust",NA,NA,NA,NA,NA,NA,NA,NA,NA,NA,0.0570491803278688,NA,0.566666666666667,0.064246,0.01,0,0,0,0,NA,0,NA,2.915,0.392889,30.005,2.89107,0.135,0.059304,NA,NA,NA,NA,NA,NA,NA,NA,NA,NA,NA,NA,NA,NA,NA,NA,NA,NA,NA,NA,NA,NA,NA,NA,NA,NA
"250","Juwan Johnson","NO","TE","2564676","robust",NA,NA,NA,NA,NA,NA,NA,NA,NA,NA,0,0,0.4125,1.045233,0.0333333333333333,0,0,0,0,NA,0,NA,2.3725,0.266868,27.1,3.26172,0.115,0.044478,NA,NA,NA,NA,NA,NA,NA,NA,NA,NA,NA,NA,NA,NA,NA,NA,NA,NA,NA,NA,NA,NA,NA,NA,NA,NA
"251","Jonnu Smith","NE","TE","2558207","robust",NA,NA,NA,NA,NA,NA,NA,NA,NA,NA,0.145,0,1.0775,0.1149015,0.0075,0.0037065,0,0,0,NA,0,NA,1.4675,0.533736,17.4325,3.85476,0.1,0.029652,NA,NA,NA,NA,NA,NA,NA,NA,NA,NA,NA,NA,NA,NA,NA,NA,NA,NA,NA,NA,NA,NA,NA,NA,NA,NA
"252","Cade Otton","TB","TE","2568312","robust",NA,NA,NA,NA,NA,NA,NA,NA,NA,NA,0,0,0.01,0.029652,0,0,0.0125,0.037065,0,NA,0,NA,2.87,0.400302,28.22,1.067472,0.165,0.044478,NA,NA,NA,NA,NA,NA,NA,NA,NA,NA,NA,NA,NA,NA,NA,NA,NA,NA,NA,NA,NA,NA,NA,NA,NA,NA
"253","Cole Kmet","CHI","TE","2563704","robust",NA,NA,NA,NA,NA,NA,NA,NA,NA,NA,0,0,-0.0025,0.007413,0,0,0,0,0,NA,0,NA,2.4275,0.29652,26.425,1.868076,0.1,0.088956,NA,NA,NA,NA,NA,NA,NA,NA,NA,NA,NA,NA,NA,NA,NA,NA,NA,NA,NA,NA,NA,NA,NA,NA,NA,NA
"254","Cole Turner","WAS","TE","2568354","robust",NA,NA,NA,NA,NA,NA,NA,NA,NA,NA,0,0,0.0175,0.017297,0,0,0,0,0,NA,0,NA,1.9,0.237216,18.9,0.756126,0.1,0,NA,NA,NA,NA,NA,NA,NA,NA,NA,NA,NA,NA,NA,NA,NA,NA,NA,NA,NA,NA,NA,NA,NA,NA,NA,NA
"255","Kylen Granson","IND","TE","2566145","robust",NA,NA,NA,NA,NA,NA,NA,NA,NA,NA,0,0,0.00375,0.0111195,0,0,0,0,0,NA,0,NA,2.0625,0.355824,22.105,5.218752,0.1,0.044478,NA,NA,NA,NA,NA,NA,NA,NA,NA,NA,NA,NA,NA,NA,NA,NA,NA,NA,NA,NA,NA,NA,NA,NA,NA,NA
"256","Colby Parkinson","SEA","TE","2565180","robust",NA,NA,NA,NA,NA,NA,NA,NA,NA,NA,0,0,0.0025,0.0037065,0,0,0,0,0,NA,0,NA,1.3,0.548562,15,3.417393,0.1,0,NA,NA,NA,NA,NA,NA,NA,NA,NA,NA,NA,NA,NA,NA,NA,NA,NA,NA,NA,NA,NA,NA,NA,NA,NA,NA
"257","Will Dissly","SEA","TE","2561046","robust",NA,NA,NA,NA,NA,NA,NA,NA,NA,NA,0,0,0.005,0.014826,0,0,0,0,0,NA,0,NA,2.055,0.14826,22.55,1.942206,0.145,0.088956,NA,NA,NA,NA,NA,NA,NA,NA,NA,NA,NA,NA,NA,NA,NA,NA,NA,NA,NA,NA,NA,NA,NA,NA,NA,NA
"258","Brevin Jordan","HOU","TE","2566130","robust",NA,NA,NA,NA,NA,NA,NA,NA,NA,NA,0,0,0.0125,0.0185325,0,0,0,0,0,NA,0,NA,2.23,0.0667169999999999,19.28,1.764294,0.185,0.022239,NA,NA,NA,NA,NA,NA,NA,NA,NA,NA,NA,NA,NA,NA,NA,NA,NA,NA,NA,NA,NA,NA,NA,NA,NA,NA
"259","Mo Alie-Cox","IND","TE","2558832","robust",NA,NA,NA,NA,NA,NA,NA,NA,NA,NA,0,0,0.00625,0.0185325,0,0,0,0,0,NA,0,NA,1.7425,0.22239,21.1,1.4826,0.195,0.14826,NA,NA,NA,NA,NA,NA,NA,NA,NA,NA,NA,NA,NA,NA,NA,NA,NA,NA,NA,NA,NA,NA,NA,NA,NA,NA
"260","Austin Hooper","TEN","TE","2555415","robust",NA,NA,NA,NA,NA,NA,NA,NA,NA,NA,0,0,0.005,0.014826,0,0,0,0,0,NA,0,NA,1.9,0.29652,18.505,3.40998,0.1,0,NA,NA,NA,NA,NA,NA,NA,NA,NA,NA,NA,NA,NA,NA,NA,NA,NA,NA,NA,NA,NA,NA,NA,NA,NA,NA
"261","John Bates","WAS","TE","2566580","robust",NA,NA,NA,NA,NA,NA,NA,NA,NA,NA,0,0,0.00875,0.0259455,0,0,0,0,0,NA,0,NA,1.7625,0.44478,18.35,6.22692,0.1,0,NA,NA,NA,NA,NA,NA,NA,NA,NA,NA,NA,NA,NA,NA,NA,NA,NA,NA,NA,NA,NA,NA,NA,NA,NA,NA
"262","Taysom Hill","NO","TE","2558954","robust",NA,NA,NA,NA,NA,NA,NA,NA,NA,NA,0,0,17.5233333333333,3.741094,0.226666666666667,0.108724,0.2,0.118608,0,NA,0,NA,1.45,0.37065,15.3,5.33736,0.1,0.059304,NA,NA,NA,NA,NA,NA,NA,NA,NA,NA,NA,NA,NA,NA,NA,NA,NA,NA,NA,NA,NA,NA,NA,NA,NA,NA
"263","Chigoziem Okonkwo","TEN","TE","2567658","robust",NA,NA,NA,NA,NA,NA,NA,NA,NA,NA,0,0,0.00125,0.00185325,0,0,0.0125,0.0185325,0,NA,0,NA,1.36,0.429954,13.895,4.833276,0.1,0.051891,NA,NA,NA,NA,NA,NA,NA,NA,NA,NA,NA,NA,NA,NA,NA,NA,NA,NA,NA,NA,NA,NA,NA,NA,NA,NA
"264","Jelani Woods","IND","TE","2567724","robust",NA,NA,NA,NA,NA,NA,NA,NA,NA,NA,0,0,0.00375,0.0111195,0,0,0,0,0,NA,0,NA,1.065,0.44478,13.35,5.9304,0.1,0.088956,NA,NA,NA,NA,NA,NA,NA,NA,NA,NA,NA,NA,NA,NA,NA,NA,NA,NA,NA,NA,NA,NA,NA,NA,NA,NA
"265","Zach Gentry","PIT","TE","2562654","robust",NA,NA,NA,NA,NA,NA,NA,NA,NA,NA,0,0,0.005,0.007413,0,0,0,0,0,NA,0,NA,1.26,0.0889560000000001,11.8,1.18608,0.035,0.037065,NA,NA,NA,NA,NA,NA,NA,NA,NA,NA,NA,NA,NA,NA,NA,NA,NA,NA,NA,NA,NA,NA,NA,NA,NA,NA
"266","Jordan Akins","HOU","TE","2560951","robust",NA,NA,NA,NA,NA,NA,NA,NA,NA,NA,0,0,0.0266666666666667,0.039536,0,0,0.0125,0,0,NA,0,NA,1.6,0.044478,16.02,2.846592,0.1,0,NA,NA,NA,NA,NA,NA,NA,NA,NA,NA,NA,NA,NA,NA,NA,NA,NA,NA,NA,NA,NA,NA,NA,NA,NA,NA
"267","Dan Arnold","JAC","TE","2559385","robust",NA,NA,NA,NA,NA,NA,NA,NA,NA,NA,0,0,0.005,0.007413,0,0,0,0,0,NA,0,NA,0.71,0.22239,8.72,3.33585,0.055,0.029652,NA,NA,NA,NA,NA,NA,NA,NA,NA,NA,NA,NA,NA,NA,NA,NA,NA,NA,NA,NA,NA,NA,NA,NA,NA,NA
"268","Harrison Bryant","CLE","TE","2563767","robust",NA,NA,NA,NA,NA,NA,NA,NA,NA,NA,0,0,0.0075,0.022239,0,0,0,0,0,NA,0,NA,1.715,0.355824,16.295,1.660512,0.1,0,NA,NA,NA,NA,NA,NA,NA,NA,NA,NA,NA,NA,NA,NA,NA,NA,NA,NA,NA,NA,NA,NA,NA,NA,NA,NA
"269","Ian Thomas","CAR","TE","2560894","robust",NA,NA,NA,NA,NA,NA,NA,NA,NA,NA,0,0,0.00625,0.0185325,0,0,0,0,0,NA,0,NA,1.55,0.14826,15.5975,0.59304,0.0775,0.029652,NA,NA,NA,NA,NA,NA,NA,NA,NA,NA,NA,NA,NA,NA,NA,NA,NA,NA,NA,NA,NA,NA,NA,NA,NA,NA
"270","Eric Saubert","DEN","TE","2558023","robust",NA,NA,NA,NA,NA,NA,NA,NA,NA,NA,0,0,0.01,0.007413,0,0,0,0,0,NA,0,NA,0.93,0.14826,8.84,1.63086,0.025,0.014826,NA,NA,NA,NA,NA,NA,NA,NA,NA,NA,NA,NA,NA,NA,NA,NA,NA,NA,NA,NA,NA,NA,NA,NA,NA,NA
"271","Brock Wright","DET","TE","2567221","robust",NA,NA,NA,NA,NA,NA,NA,NA,NA,NA,0,0,0,0,0,0,0,0,0,NA,0,NA,0.865,0.14826,9.2,1.77912,0.05,0.029652,NA,NA,NA,NA,NA,NA,NA,NA,NA,NA,NA,NA,NA,NA,NA,NA,NA,NA,NA,NA,NA,NA,NA,NA,NA,NA
"272","Geoff Swaim","TEN","TE","2553454","robust",NA,NA,NA,NA,NA,NA,NA,NA,NA,NA,0,0,0.01,0.029652,0,0,0,0,0,NA,0,NA,1.65,0.0889560000000001,14.225,0.889559999999999,0.125,0.059304,NA,NA,NA,NA,NA,NA,NA,NA,NA,NA,NA,NA,NA,NA,NA,NA,NA,NA,NA,NA,NA,NA,NA,NA,NA,NA
"273","Jake Ferguson","DAL","TE","2567496","robust",NA,NA,NA,NA,NA,NA,NA,NA,NA,NA,0,0,0.01,0.029652,0,0,0,0,0,NA,0,NA,1.25,0.29652,13.8925,3.26172,0.1,0.088956,NA,NA,NA,NA,NA,NA,NA,NA,NA,NA,NA,NA,NA,NA,NA,NA,NA,NA,NA,NA,NA,NA,NA,NA,NA,NA
"274","C.J. Uzomah","NYJ","TE","2552559","robust",NA,NA,NA,NA,NA,NA,NA,NA,NA,NA,0,0,0.00625,0.0185325,0,0,0,0,0,NA,0,NA,1.4,0.59304,13.425,0.889560000000002,0.06,0,NA,NA,NA,NA,NA,NA,NA,NA,NA,NA,NA,NA,NA,NA,NA,NA,NA,NA,NA,NA,NA,NA,NA,NA,NA,NA
"275","Isaiah Likely","BAL","TE","2567283","robust",NA,NA,NA,NA,NA,NA,NA,NA,NA,NA,0,0,0.005,0.014826,0,0,0,0,0,NA,0,NA,1.4,0.281694,14.925,1.4826,0.0925,0.014826,NA,NA,NA,NA,NA,NA,NA,NA,NA,NA,NA,NA,NA,NA,NA,NA,NA,NA,NA,NA,NA,NA,NA,NA,NA,NA
"276","Ross Dwelley","SF","TE","2561060","robust",NA,NA,NA,NA,NA,NA,NA,NA,NA,NA,0,0,0,0,0,0,0,0,0,NA,0,NA,0.5,0.207564,8.1,4.418148,0.1,0.066717,NA,NA,NA,NA,NA,NA,NA,NA,NA,NA,NA,NA,NA,NA,NA,NA,NA,NA,NA,NA,NA,NA,NA,NA,NA,NA
"277","Durham Smythe","MIA","TE","2560880","robust",NA,NA,NA,NA,NA,NA,NA,NA,NA,NA,0,0,0.1975,0.2928135,0.01875,0.02038575,0,0,0,NA,0,NA,1.4,0.214977,14,1.831011,0.07,0.022239,NA,NA,NA,NA,NA,NA,NA,NA,NA,NA,NA,NA,NA,NA,NA,NA,NA,NA,NA,NA,NA,NA,NA,NA,NA,NA
"278","Tre' McKitty","LAC","TE","2566490","robust",NA,NA,NA,NA,NA,NA,NA,NA,NA,NA,0,0,0.005,0.007413,0,0,0,0,0,NA,0,NA,0.945,0.140847,10.84,2.698332,0.075,0.014826,NA,NA,NA,NA,NA,NA,NA,NA,NA,NA,NA,NA,NA,NA,NA,NA,NA,NA,NA,NA,NA,NA,NA,NA,NA,NA
"279","Noah Gray","KC","TE","2566178","robust",NA,NA,NA,NA,NA,NA,NA,NA,NA,NA,0,0,0.11625,0.17235225,0.01875,0.02038575,0,0,0,NA,0,NA,1.175,0.0741299999999999,10.195,1.85325,0.095,0.014826,NA,NA,NA,NA,NA,NA,NA,NA,NA,NA,NA,NA,NA,NA,NA,NA,NA,NA,NA,NA,NA,NA,NA,NA,NA,NA
"280","Tommy Tremble","CAR","TE","2565914","robust",NA,NA,NA,NA,NA,NA,NA,NA,NA,NA,0,0,0.04625,0.1371405,0,0,0,0,0,NA,0,NA,1.2225,0.14826,11.5875,1.4826,0.05,0.059304,NA,NA,NA,NA,NA,NA,NA,NA,NA,NA,NA,NA,NA,NA,NA,NA,NA,NA,NA,NA,NA,NA,NA,NA,NA,NA
"281","Parker Hesse","ATL","TE","2563272","robust",NA,NA,NA,NA,NA,NA,NA,NA,NA,NA,0,0,0.005,0.007413,0,0,0,0,0,NA,0,NA,1,0.126021,10.4,2.142357,0.085,0,NA,NA,NA,NA,NA,NA,NA,NA,NA,NA,NA,NA,NA,NA,NA,NA,NA,NA,NA,NA,NA,NA,NA,NA,NA,NA
"282","Pharaoh Brown","CLE","TE","2559018","robust",NA,NA,NA,NA,NA,NA,NA,NA,NA,NA,0,0,0.01,0.009884,0,0,0,0,0,NA,0,NA,1,0.14826,9.3,2.661267,0.0075,0.007413,NA,NA,NA,NA,NA,NA,NA,NA,NA,NA,NA,NA,NA,NA,NA,NA,NA,NA,NA,NA,NA,NA,NA,NA,NA,NA
"283","Ryan Griffin","CHI","TE","2541316","robust",NA,NA,NA,NA,NA,NA,NA,NA,NA,NA,0,0,0.005,0,0,0,0,0,0,NA,0,NA,0.7,0.44478,7.435,5.026014,0.035,0.029652,NA,NA,NA,NA,NA,NA,NA,NA,NA,NA,NA,NA,NA,NA,NA,NA,NA,NA,NA,NA,NA,NA,NA,NA,NA,NA
"284","Josiah Deguara","GB","TE","2563980","robust",NA,NA,NA,NA,NA,NA,NA,NA,NA,NA,0,0,0.0075,0,0,0,0,0,0,NA,0,NA,0.71,0.163086,8.05,1.70499,0.025,0,NA,NA,NA,NA,NA,NA,NA,NA,NA,NA,NA,NA,NA,NA,NA,NA,NA,NA,NA,NA,NA,NA,NA,NA,NA,NA
"285","Marcedes Lewis","GB","TE","2495888","robust",NA,NA,NA,NA,NA,NA,NA,NA,NA,NA,0,0,0,0,0,0,0,0,0,NA,0,NA,0.7,0,7.02,1.03782,0.01,0,NA,NA,NA,NA,NA,NA,NA,NA,NA,NA,NA,NA,NA,NA,NA,NA,NA,NA,NA,NA,NA,NA,NA,NA,NA,NA
"286","Jesper Horsted","LVR","TE","2563270","robust",NA,NA,NA,NA,NA,NA,NA,NA,NA,NA,0,0,0.005,0.007413,0,0,0,0,0,NA,0,NA,0.99,0.155673,9.63,2.44629,0.085,0,NA,NA,NA,NA,NA,NA,NA,NA,NA,NA,NA,NA,NA,NA,NA,NA,NA,NA,NA,NA,NA,NA,NA,NA,NA,NA
"287","Jody Fortson","KC","TE","2563259","robust",NA,NA,NA,NA,NA,NA,NA,NA,NA,NA,0,0,0.0333333333333333,0.04942,0,0,0,0,0,NA,0,NA,0.78,0.59304,6.82,3.7065,0.1,0,NA,NA,NA,NA,NA,NA,NA,NA,NA,NA,NA,NA,NA,NA,NA,NA,NA,NA,NA,NA,NA,NA,NA,NA,NA,NA
"288","Kyle Rudolph","TB","TE","2495438","robust",NA,NA,NA,NA,NA,NA,NA,NA,NA,NA,0,0,0.00625,0,0,0,0,0,0,NA,0,NA,0.825,0.311346,7.965,2.772462,0.025,0,NA,NA,NA,NA,NA,NA,NA,NA,NA,NA,NA,NA,NA,NA,NA,NA,NA,NA,NA,NA,NA,NA,NA,NA,NA,NA
"289","Tanner Hudson","NYG","TE","2561215","robust",NA,NA,NA,NA,NA,NA,NA,NA,NA,NA,0,0,0,0,0,0,0,0,0,NA,0,NA,0.8575,0.22239,8.52,2.653854,0,0,NA,NA,NA,NA,NA,NA,NA,NA,NA,NA,NA,NA,NA,NA,NA,NA,NA,NA,NA,NA,NA,NA,NA,NA,NA,NA
"290","Mitchell Wilcox","CIN","TE","2563749","robust",NA,NA,NA,NA,NA,NA,NA,NA,NA,NA,0,0,0,0,0,0,0,0,0,NA,0,NA,0.8,0.14826,7.6,4.29954,0.06,0,NA,NA,NA,NA,NA,NA,NA,NA,NA,NA,NA,NA,NA,NA,NA,NA,NA,NA,NA,NA,NA,NA,NA,NA,NA,NA
"291","Chris Myarick","NYG","TE","2563210","robust",NA,NA,NA,NA,NA,NA,NA,NA,NA,NA,0,0,0,0,0,0,0,0,0,NA,0,NA,0.91,0.14826,7.3575,2.713158,0.14,0.059304,NA,NA,NA,NA,NA,NA,NA,NA,NA,NA,NA,NA,NA,NA,NA,NA,NA,NA,NA,NA,NA,NA,NA,NA,NA,NA
"292","Trey McBride","ARI","TE","2568117","robust",NA,NA,NA,NA,NA,NA,NA,NA,NA,NA,0,0,0.00875,0,0,0,0,0,0,NA,0,NA,0.8,0.14826,7.35,1.03782,0.01,0,NA,NA,NA,NA,NA,NA,NA,NA,NA,NA,NA,NA,NA,NA,NA,NA,NA,NA,NA,NA,NA,NA,NA,NA,NA,NA
"293","Eric Tomlinson","DEN","TE","2553744","robust",NA,NA,NA,NA,NA,NA,NA,NA,NA,NA,0,0,0,0,0,0,0,0,0,NA,0,NA,0.745,0,7.7275,0,0.01,0,NA,NA,NA,NA,NA,NA,NA,NA,NA,NA,NA,NA,NA,NA,NA,NA,NA,NA,NA,NA,NA,NA,NA,NA,NA,NA
"294","Nick Vannett","NO","TE","2555289","robust",NA,NA,NA,NA,NA,NA,NA,NA,NA,NA,0,0,0,0,0,0,0,0,0,NA,0,NA,0.5,0.044478,4.4,1.11195,0.1,0,NA,NA,NA,NA,NA,NA,NA,NA,NA,NA,NA,NA,NA,NA,NA,NA,NA,NA,NA,NA,NA,NA,NA,NA,NA,NA
"295","Andrew Beck","DEN","TE","2562626","robust",NA,NA,NA,NA,NA,NA,NA,NA,NA,NA,0,0,0,0,0,0,0,0,NA,NA,NA,NA,0.85,0.07413,8.7,0,0,0,NA,NA,NA,NA,NA,NA,NA,NA,NA,NA,NA,NA,NA,NA,NA,NA,NA,NA,NA,NA,NA,NA,NA,NA,NA,NA
"296","Stephen Sullivan","CAR","TE","2565192","robust",NA,NA,NA,NA,NA,NA,NA,NA,NA,NA,0,0,0,0,0,0,0,0,NA,NA,NA,NA,0.77,0.103782,7.715,1.060059,0.015,0.022239,NA,NA,NA,NA,NA,NA,NA,NA,NA,NA,NA,NA,NA,NA,NA,NA,NA,NA,NA,NA,NA,NA,NA,NA,NA,NA
"297","Seahawks","SEA","DST","100030","robust",NA,NA,NA,NA,NA,NA,NA,NA,NA,NA,NA,NA,NA,NA,NA,NA,NA,NA,NA,NA,NA,NA,NA,NA,NA,NA,NA,NA,0.725,0.0741300000000001,1.86,0.177912,0.01,0.014826,0.15,0.07413,0,NA,NA,NA,NA,NA,NA,NA,NA,NA,NA,NA,NA,NA,NA,NA,NA,NA
"298","Lions","DET","DST","100010","robust",NA,NA,NA,NA,NA,NA,NA,NA,NA,NA,NA,NA,NA,NA,NA,NA,NA,NA,NA,NA,NA,NA,NA,NA,NA,NA,NA,NA,0.6,0.029652,1.69,0.266868,0.04,0.029652,0.1,0.044478,0,NA,NA,NA,NA,NA,NA,NA,NA,NA,NA,NA,NA,NA,NA,NA,NA,NA
"299","Browns","CLE","DST","100007","robust",NA,NA,NA,NA,NA,NA,NA,NA,NA,NA,NA,NA,NA,NA,NA,NA,NA,NA,NA,NA,NA,NA,NA,NA,NA,NA,NA,NA,0.95,0.281694,2.525,0.29652,0.01,0.014826,0.12,0.029652,0,NA,NA,NA,NA,NA,NA,NA,NA,NA,NA,NA,NA,NA,NA,NA,NA,NA
"300","Panthers","CAR","DST","100004","robust",NA,NA,NA,NA,NA,NA,NA,NA,NA,NA,NA,NA,NA,NA,NA,NA,NA,NA,NA,NA,NA,NA,NA,NA,NA,NA,NA,NA,0.56,0.029652,1.6,0.237216,0.01,0.014826,0.13,0.044478,0,NA,NA,NA,NA,NA,NA,NA,NA,NA,NA,NA,NA,NA,NA,NA,NA,NA
"301","Falcons","ATL","DST","100001","robust",NA,NA,NA,NA,NA,NA,NA,NA,NA,NA,NA,NA,NA,NA,NA,NA,NA,NA,NA,NA,NA,NA,NA,NA,NA,NA,NA,NA,0.84,0.14826,2.215,0.459605999999999,0.0433333333333333,0.019768,0.2,0.07413,0,NA,NA,NA,NA,NA,NA,NA,NA,NA,NA,NA,NA,NA,NA,NA,NA,NA
"302","Texans","HOU","DST","100013","robust",NA,NA,NA,NA,NA,NA,NA,NA,NA,NA,NA,NA,NA,NA,NA,NA,NA,NA,NA,NA,NA,NA,NA,NA,NA,NA,NA,NA,0.91,0.163086,2.075,0.0741299999999997,0.01,0.014826,0.14,0.059304,0,NA,NA,NA,NA,NA,NA,NA,NA,NA,NA,NA,NA,NA,NA,NA,NA,NA
"303","Bears","CHI","DST","100005","robust",NA,NA,NA,NA,NA,NA,NA,NA,NA,NA,NA,NA,NA,NA,NA,NA,NA,NA,NA,NA,NA,NA,NA,NA,NA,NA,NA,NA,0.94,0.252042,2.1,0.237216,0.0433333333333333,0.019768,0.15,0.07413,0,NA,NA,NA,NA,NA,NA,NA,NA,NA,NA,NA,NA,NA,NA,NA,NA,NA
"304","Chargers","LAC","DST","100028","robust",NA,NA,NA,NA,NA,NA,NA,NA,NA,NA,NA,NA,NA,NA,NA,NA,NA,NA,NA,NA,NA,NA,NA,NA,NA,NA,NA,NA,0.8,0.163086,2.495,0.29652,0.02,0.029652,0.15,0.044478,0,NA,NA,NA,NA,NA,NA,NA,NA,NA,NA,NA,NA,NA,NA,NA,NA,NA
"305","Steelers","PIT","DST","100027","robust",NA,NA,NA,NA,NA,NA,NA,NA,NA,NA,NA,NA,NA,NA,NA,NA,NA,NA,NA,NA,NA,NA,NA,NA,NA,NA,NA,NA,0.98,0.207564,2.39,0.281694,0.01,0.014826,0.15,0.059304,0,NA,NA,NA,NA,NA,NA,NA,NA,NA,NA,NA,NA,NA,NA,NA,NA,NA
"306","49ers","SF","DST","100029","robust",NA,NA,NA,NA,NA,NA,NA,NA,NA,NA,NA,NA,NA,NA,NA,NA,NA,NA,NA,NA,NA,NA,NA,NA,NA,NA,NA,NA,0.65,0.103782,2.6,0.311346,0.01,0.014826,0.15,0.07413,0,NA,NA,NA,NA,NA,NA,NA,NA,NA,NA,NA,NA,NA,NA,NA,NA,NA
"307","Saints","NO","DST","100022","robust",NA,NA,NA,NA,NA,NA,NA,NA,NA,NA,NA,NA,NA,NA,NA,NA,NA,NA,NA,NA,NA,NA,NA,NA,NA,NA,NA,NA,0.76,0.0741300000000001,2.395,0.163086,0.01,0.014826,0.17,0.044478,0,NA,NA,NA,NA,NA,NA,NA,NA,NA,NA,NA,NA,NA,NA,NA,NA,NA
"308","Giants","NYG","DST","100023","robust",NA,NA,NA,NA,NA,NA,NA,NA,NA,NA,NA,NA,NA,NA,NA,NA,NA,NA,NA,NA,NA,NA,NA,NA,NA,NA,NA,NA,0.75,0.103782,1.97,0.0593040000000001,0.00666666666666667,0.009884,0.135,0.059304,0,NA,NA,NA,NA,NA,NA,NA,NA,NA,NA,NA,NA,NA,NA,NA,NA,NA
"309","Colts","IND","DST","100014","robust",NA,NA,NA,NA,NA,NA,NA,NA,NA,NA,NA,NA,NA,NA,NA,NA,NA,NA,NA,NA,NA,NA,NA,NA,NA,NA,NA,NA,0.85,0.118608,2.445,0.103782,0.0433333333333333,0.019768,0.15,0.059304,0,NA,NA,NA,NA,NA,NA,NA,NA,NA,NA,NA,NA,NA,NA,NA,NA,NA
"310","Chiefs","KC","DST","100016","robust",NA,NA,NA,NA,NA,NA,NA,NA,NA,NA,NA,NA,NA,NA,NA,NA,NA,NA,NA,NA,NA,NA,NA,NA,NA,NA,NA,NA,0.73,0.029652,2.1,0.326172,0.01,0.014826,0.18,0,0,NA,NA,NA,NA,NA,NA,NA,NA,NA,NA,NA,NA,NA,NA,NA,NA,NA
"311","Commanders","WAS","DST","100032","robust",NA,NA,NA,NA,NA,NA,NA,NA,NA,NA,NA,NA,NA,NA,NA,NA,NA,NA,NA,NA,NA,NA,NA,NA,NA,NA,NA,NA,0.5,0.14826,2.665,0.118608,0.0766666666666667,0.034594,0.12,0,0,NA,NA,NA,NA,NA,NA,NA,NA,NA,NA,NA,NA,NA,NA,NA,NA,NA
"312","Jets","NYJ","DST","100024","robust",NA,NA,NA,NA,NA,NA,NA,NA,NA,NA,NA,NA,NA,NA,NA,NA,NA,NA,NA,NA,NA,NA,NA,NA,NA,NA,NA,NA,1,0.14826,2.42,0.177912,0.0766666666666667,0.034594,0.2,0,0,NA,NA,NA,NA,NA,NA,NA,NA,NA,NA,NA,NA,NA,NA,NA,NA,NA
"313","Packers","GB","DST","100011","robust",NA,NA,NA,NA,NA,NA,NA,NA,NA,NA,NA,NA,NA,NA,NA,NA,NA,NA,NA,NA,NA,NA,NA,NA,NA,NA,NA,NA,0.86,0.118608,3.15,0.311346,0.08,0.029652,0.17,0,0,NA,NA,NA,NA,NA,NA,NA,NA,NA,NA,NA,NA,NA,NA,NA,NA,NA
"314","Cardinals","ARI","DST","100026","robust",NA,NA,NA,NA,NA,NA,NA,NA,NA,NA,NA,NA,NA,NA,NA,NA,NA,NA,NA,NA,NA,NA,NA,NA,NA,NA,NA,NA,0.8,0,2.295,0.0148259999999997,0.02,0.029652,0.2,0.029652,0,NA,NA,NA,NA,NA,NA,NA,NA,NA,NA,NA,NA,NA,NA,NA,NA,NA
"315","Ravens","BAL","DST","100002","robust",NA,NA,NA,NA,NA,NA,NA,NA,NA,NA,NA,NA,NA,NA,NA,NA,NA,NA,NA,NA,NA,NA,NA,NA,NA,NA,NA,NA,0.85,0.14826,2,0.29652,0.0133333333333333,0.019768,0.17,0.014826,0,NA,NA,NA,NA,NA,NA,NA,NA,NA,NA,NA,NA,NA,NA,NA,NA,NA
"316","Titans","TEN","DST","100012","robust",NA,NA,NA,NA,NA,NA,NA,NA,NA,NA,NA,NA,NA,NA,NA,NA,NA,NA,NA,NA,NA,NA,NA,NA,NA,NA,NA,NA,0.935,0.14826,2.855,0.163086,0.0166666666666667,0.02471,0.175,0.029652,0,NA,NA,NA,NA,NA,NA,NA,NA,NA,NA,NA,NA,NA,NA,NA,NA,NA
"317","Cowboys","DAL","DST","100008","robust",NA,NA,NA,NA,NA,NA,NA,NA,NA,NA,NA,NA,NA,NA,NA,NA,NA,NA,NA,NA,NA,NA,NA,NA,NA,NA,NA,NA,0.9,0.14826,2.33,0.133434,0.01,0.014826,0.19,0,0,NA,NA,NA,NA,NA,NA,NA,NA,NA,NA,NA,NA,NA,NA,NA,NA,NA
"318","Jaguars","JAC","DST","100015","robust",NA,NA,NA,NA,NA,NA,NA,NA,NA,NA,NA,NA,NA,NA,NA,NA,NA,NA,NA,NA,NA,NA,NA,NA,NA,NA,NA,NA,0.8,0,2.54,0.237216,0.0166666666666667,0.02471,0.18,0.014826,0,NA,NA,NA,NA,NA,NA,NA,NA,NA,NA,NA,NA,NA,NA,NA,NA,NA
"319","Bengals","CIN","DST","100006","robust",NA,NA,NA,NA,NA,NA,NA,NA,NA,NA,NA,NA,NA,NA,NA,NA,NA,NA,NA,NA,NA,NA,NA,NA,NA,NA,NA,NA,1,0.014826,2.375,0.459606,0.05,0,0.15,0.07413,0,NA,NA,NA,NA,NA,NA,NA,NA,NA,NA,NA,NA,NA,NA,NA,NA,NA
"320","Broncos","DEN","DST","100009","robust",NA,NA,NA,NA,NA,NA,NA,NA,NA,NA,NA,NA,NA,NA,NA,NA,NA,NA,NA,NA,NA,NA,NA,NA,NA,NA,NA,NA,0.84,0.0889560000000001,3.2,0.148259999999999,0.06,0.029652,0.18,0.029652,0,NA,NA,NA,NA,NA,NA,NA,NA,NA,NA,NA,NA,NA,NA,NA,NA,NA
"321","Raiders","LVR","DST","100018","robust",NA,NA,NA,NA,NA,NA,NA,NA,NA,NA,NA,NA,NA,NA,NA,NA,NA,NA,NA,NA,NA,NA,NA,NA,NA,NA,NA,NA,0.845,0.207564,2.235,0.148259999999999,0.0166666666666667,0.02471,0.175,0.014826,0,NA,NA,NA,NA,NA,NA,NA,NA,NA,NA,NA,NA,NA,NA,NA,NA,NA
"322","Dolphins","MIA","DST","100019","robust",NA,NA,NA,NA,NA,NA,NA,NA,NA,NA,NA,NA,NA,NA,NA,NA,NA,NA,NA,NA,NA,NA,NA,NA,NA,NA,NA,NA,0.885,0.207564,2.52,0.177912,0.0133333333333333,0.019768,0.2,0,0,NA,NA,NA,NA,NA,NA,NA,NA,NA,NA,NA,NA,NA,NA,NA,NA,NA
"323","Buccaneers","TB","DST","100031","robust",NA,NA,NA,NA,NA,NA,NA,NA,NA,NA,NA,NA,NA,NA,NA,NA,NA,NA,NA,NA,NA,NA,NA,NA,NA,NA,NA,NA,1.1,0.0593039999999997,3.2,0.29652,0.0133333333333333,0.019768,0.185,0.044478,0,NA,NA,NA,NA,NA,NA,NA,NA,NA,NA,NA,NA,NA,NA,NA,NA,NA
"324","Patriots","NE","DST","100021","robust",NA,NA,NA,NA,NA,NA,NA,NA,NA,NA,NA,NA,NA,NA,NA,NA,NA,NA,NA,NA,NA,NA,NA,NA,NA,NA,NA,NA,1.28,0.59304,3.35,0.22239,0.0166666666666667,0.02471,0.25,0.103782,0,NA,NA,NA,NA,NA,NA,NA,NA,NA,NA,NA,NA,NA,NA,NA,NA,NA
"325","Taylor Bertolet","LAC","K","2556472","robust",NA,NA,NA,NA,NA,NA,NA,NA,NA,NA,NA,NA,NA,NA,NA,NA,NA,NA,NA,NA,NA,NA,NA,NA,NA,NA,NA,NA,NA,NA,NA,NA,NA,NA,NA,NA,NA,NA,0.0474746568583475,0.00945129236565891,0.594050790945247,0.0584972729209653,0.618398448012918,0.0945543766932807,0.39,0.0435473017403786,0.0745222929936306,0.0178006433121019,2.7,0.437367,NA,NA,NA,NA
"326","Justin Tucker","BAL","K","2536340","robust",NA,NA,NA,NA,NA,NA,NA,NA,NA,NA,NA,NA,NA,NA,NA,NA,NA,NA,NA,NA,NA,NA,NA,NA,NA,NA,NA,NA,NA,NA,NA,NA,NA,NA,NA,NA,NA,NA,0.00622574955908289,0.00193496296296296,0.52306742141301,0.0407017075163399,0.566833177715531,0.0440084869281046,0.574699074074074,0.0191404444444444,0.364431216931217,0.0397451851851852,3,0.14826,NA,NA,NA,NA
"327","Harrison Butker","KC","K","2558245","robust",NA,NA,NA,NA,NA,NA,NA,NA,NA,NA,NA,NA,NA,NA,NA,NA,NA,NA,NA,NA,NA,NA,NA,NA,NA,NA,NA,NA,NA,NA,NA,NA,NA,NA,NA,NA,NA,NA,0,0,0.497690768353468,0.0671503696037847,0.589657958097491,0.100715377735068,0.40936483589592,0.0720641358663513,0.341179775280899,0.0699653932584271,2.525,0.44478,NA,NA,NA,NA
"328","Evan McPherson","CIN","K","2565953","robust",NA,NA,NA,NA,NA,NA,NA,NA,NA,NA,NA,NA,NA,NA,NA,NA,NA,NA,NA,NA,NA,NA,NA,NA,NA,NA,NA,NA,NA,NA,NA,NA,NA,NA,NA,NA,NA,NA,0.0249122807017544,0.0132653684210526,0.450326822815122,0.0586579366590669,0.520003338788552,0.029652,0.52,0.0696882365992584,0.299609297865877,0.15464158692185,2.6,0.59304,NA,NA,NA,NA
"329","Brett Maher","DAL","K","2540243","robust",NA,NA,NA,NA,NA,NA,NA,NA,NA,NA,NA,NA,NA,NA,NA,NA,NA,NA,NA,NA,NA,NA,NA,NA,NA,NA,NA,NA,NA,NA,NA,NA,NA,NA,NA,NA,NA,NA,0.00632124352331606,0.00174122279792746,0.60151876937803,0.146008272520132,0.690967887092411,0.0267820211935825,0.512266683313565,0.0363731693613835,0.282440990213011,0.0711869920552677,2.625,0.192738,NA,NA,NA,NA
"330","Daniel Carlson","LVR","K","2560993","robust",NA,NA,NA,NA,NA,NA,NA,NA,NA,NA,NA,NA,NA,NA,NA,NA,NA,NA,NA,NA,NA,NA,NA,NA,NA,NA,NA,NA,NA,NA,NA,NA,NA,NA,NA,NA,NA,NA,0.00537634408602151,0.00250516129032258,0.701386783926585,0.0415874443826473,0.672515907224959,0.047588198971079,0.47,0.0245052285873192,0.279998719918075,0.111375295698925,2.475,0.59304,NA,NA,NA,NA
"331","Chase McLaughlin","IND","K","2563203","robust",NA,NA,NA,NA,NA,NA,NA,NA,NA,NA,NA,NA,NA,NA,NA,NA,NA,NA,NA,NA,NA,NA,NA,NA,NA,NA,NA,NA,NA,NA,NA,NA,NA,NA,NA,NA,NA,NA,0.00786163522012579,0.0209801886792453,0.484027293052677,0.081725717635511,0.454762764932563,0.0751387536127168,0.569063704238921,0.0958137391618497,0.310671965317919,0.027638063583815,2.2,0.29652,NA,NA,NA,NA
"332","Jason Sanders","MIA","K","2561153","robust",NA,NA,NA,NA,NA,NA,NA,NA,NA,NA,NA,NA,NA,NA,NA,NA,NA,NA,NA,NA,NA,NA,NA,NA,NA,NA,NA,NA,NA,NA,NA,NA,NA,NA,NA,NA,NA,NA,0.00653409090909091,0.00196556818181818,0.494686590349306,0.0838074839341693,0.509774406627855,0.0632013855799374,0.6,0.0995509796238245,0.2,0.0356209090909091,2.6,0.22239,NA,NA,NA,NA
"333","Kaimi Fairbairn","HOU","K","2556521","robust",NA,NA,NA,NA,NA,NA,NA,NA,NA,NA,NA,NA,NA,NA,NA,NA,NA,NA,NA,NA,NA,NA,NA,NA,NA,NA,NA,NA,NA,NA,NA,NA,NA,NA,NA,NA,NA,NA,0.01,0.0145020579268293,0.408536585365854,0.105951658536585,0.413174542682927,0.138846846036585,0.500991307346109,0.14826,0.217166085946574,0.0962226341463415,2.0575,0.281694,NA,NA,NA,NA
"334","Nick Folk","NE","K","2507225","robust",NA,NA,NA,NA,NA,NA,NA,NA,NA,NA,NA,NA,NA,NA,NA,NA,NA,NA,NA,NA,NA,NA,NA,NA,NA,NA,NA,NA,NA,NA,NA,NA,NA,NA,NA,NA,NA,NA,0.0327171985815603,0.0235763630319149,0.431377175485256,0.119177153205487,0.593931873677989,0.14826,0.445,0.0851441204740574,0.1660477582846,0.0438963757309941,2.6625,0.14826,NA,NA,NA,NA
"335","Graham Gano","NYG","K","71309","robust",NA,NA,NA,NA,NA,NA,NA,NA,NA,NA,NA,NA,NA,NA,NA,NA,NA,NA,NA,NA,NA,NA,NA,NA,NA,NA,NA,NA,NA,NA,NA,NA,NA,NA,NA,NA,NA,NA,0.0161341179889567,0.00990446599825632,0.347874698702498,0.193055444740756,0.549228849342701,0.0866693840709779,0.461105569516385,0.0848212347299862,0.241251528568417,0.0517468974067046,2.0575,0.14826,NA,NA,NA,NA
"336","Jason Myers","SEA","K","2553112","robust",NA,NA,NA,NA,NA,NA,NA,NA,NA,NA,NA,NA,NA,NA,NA,NA,NA,NA,NA,NA,NA,NA,NA,NA,NA,NA,NA,NA,NA,NA,NA,NA,NA,NA,NA,NA,NA,NA,0.00490196078431373,0.00726764705882353,0.434146241830065,0.160599859068627,0.624489379084967,0.139332906862745,0.400873161764706,0.145958578431373,0.221987847222222,0.107076666666667,2.5,0.103782,NA,NA,NA,NA
"337","Riley Patterson","JAC","K","2567013","robust",NA,NA,NA,NA,NA,NA,NA,NA,NA,NA,NA,NA,NA,NA,NA,NA,NA,NA,NA,NA,NA,NA,NA,NA,NA,NA,NA,NA,NA,NA,NA,NA,NA,NA,NA,NA,NA,NA,0.0072588285960379,0.00423326356589147,0.512830780046067,0.0690108375600688,0.400839091748804,0.149504037426777,0.490575819624212,0.133434,0.116314475253429,0.028982830421972,2.3,0.533736,NA,NA,NA,NA
"338","Greg Zuerlein","NYJ","K","2534797","robust",NA,NA,NA,NA,NA,NA,NA,NA,NA,NA,NA,NA,NA,NA,NA,NA,NA,NA,NA,NA,NA,NA,NA,NA,NA,NA,NA,NA,NA,NA,NA,NA,NA,NA,NA,NA,NA,NA,0.0062280574612684,0.00529442013721132,0.39,0.135810141269688,0.584934782058538,0.171775323477309,0.403806517614615,0.0593040000000001,0.201396423548322,0.0469638945147679,2.0275,0.44478,NA,NA,NA,NA
"339","Randy Bullock","TEN","K","2533444","robust",NA,NA,NA,NA,NA,NA,NA,NA,NA,NA,NA,NA,NA,NA,NA,NA,NA,NA,NA,NA,NA,NA,NA,NA,NA,NA,NA,NA,NA,NA,NA,NA,NA,NA,NA,NA,NA,NA,0.00641025641025641,0.0161565384615385,0.465011507275108,0.0592357572556976,0.6077140691778,0.159104063688902,0.536964787695034,0.101922962380883,0.0812922526523563,0.0213263212435233,2.3375,0.37065,NA,NA,NA,NA
"340","Rodrigo Blankenship","ARI","K","2564106","robust",NA,NA,NA,NA,NA,NA,NA,NA,NA,NA,NA,NA,NA,NA,NA,NA,NA,NA,NA,NA,NA,NA,NA,NA,NA,NA,NA,NA,NA,NA,NA,NA,NA,NA,NA,NA,NA,NA,0,0,0.667378655705385,0.0998955949488044,0.527507104788421,0.0617867039547929,0.537950237650024,0.0492894245739188,0.155,0.032309021639744,2.1,0.14826,NA,NA,NA,NA
"341","Ryan Succop","TB","K","89802","robust",NA,NA,NA,NA,NA,NA,NA,NA,NA,NA,NA,NA,NA,NA,NA,NA,NA,NA,NA,NA,NA,NA,NA,NA,NA,NA,NA,NA,NA,NA,NA,NA,NA,NA,NA,NA,NA,NA,0,0,0.668130962112463,0.0472757901298914,0.609427182545635,0.129578786353887,0.67503131046482,0.0481891420895143,0.148156263592866,0.0634570856894302,2.5,0.14826,NA,NA,NA,NA
"342","Robbie Gould","SF","K","2506264","robust",NA,NA,NA,NA,NA,NA,NA,NA,NA,NA,NA,NA,NA,NA,NA,NA,NA,NA,NA,NA,NA,NA,NA,NA,NA,NA,NA,NA,NA,NA,NA,NA,NA,NA,NA,NA,NA,NA,0.0200081168831169,0.00243023587223587,0.52,0.0525016613116614,0.475246970835206,0.119340317920553,0.537212314712315,0.0593040000000001,0.231727202315438,0.0585896250458603,2.425,0.14826,NA,NA,NA,NA
"343","Mason Crosby","GB","K","2507232","robust",NA,NA,NA,NA,NA,NA,NA,NA,NA,NA,NA,NA,NA,NA,NA,NA,NA,NA,NA,NA,NA,NA,NA,NA,NA,NA,NA,NA,NA,NA,NA,NA,NA,NA,NA,NA,NA,NA,0.0113201530612245,0.0107412857142857,0.56,0.154210571428571,0.465250850340136,0.118608,0.490089285714286,0.133434,0.117321428571429,0.00741300000000001,2.2,0.22239,NA,NA,NA,NA
"344","Mike Badgley","DET","K","2560965","robust",NA,NA,NA,NA,NA,NA,NA,NA,NA,NA,NA,NA,NA,NA,NA,NA,NA,NA,NA,NA,NA,NA,NA,NA,NA,NA,NA,NA,NA,NA,NA,NA,NA,NA,NA,NA,NA,NA,0.0250235460324935,0.00602186249117024,0.503572028352193,0.029652,0.572453938073935,0.0962324171768307,0.534503730574523,0.137098846217572,0.0937701612903226,0.0198676370967742,2.075,0.0741300000000001,NA,NA,NA,NA
"345","Younghoe Koo","ATL","K","2559205","robust",NA,NA,NA,NA,NA,NA,NA,NA,NA,NA,NA,NA,NA,NA,NA,NA,NA,NA,NA,NA,NA,NA,NA,NA,NA,NA,NA,NA,NA,NA,NA,NA,NA,NA,NA,NA,NA,NA,0.0067258382642998,0.00228092307692308,0.622245182029617,0.0741300000000001,0.530609841532402,0.0759383021118772,0.479557494577091,0.0374658391999937,0.305697507620585,0.0411928943121656,2.1675,0.207564,NA,NA,NA,NA
"346","Wil Lutz","NO","K","2556601","robust",NA,NA,NA,NA,NA,NA,NA,NA,NA,NA,NA,NA,NA,NA,NA,NA,NA,NA,NA,NA,NA,NA,NA,NA,NA,NA,NA,NA,NA,NA,NA,NA,NA,NA,NA,NA,NA,NA,0.00692460317460318,0.001765,0.445827588155515,0.0692220712025316,0.658943840194306,0.0754777674050633,0.459739334024749,0.0568655927029039,0.25112324929972,0.049143137254902,1.9025,0.474432,NA,NA,NA,NA
"347","Joey Slye","WAS","K","2563132","robust",NA,NA,NA,NA,NA,NA,NA,NA,NA,NA,NA,NA,NA,NA,NA,NA,NA,NA,NA,NA,NA,NA,NA,NA,NA,NA,NA,NA,NA,NA,NA,NA,NA,NA,NA,NA,NA,NA,0,0,0.534575064020487,0.0813378337437211,0.514232862208214,0.160811283019797,0.408898478282281,0.128241139835517,0.198601398601399,0.0407196608391608,1.8,0.29652,NA,NA,NA,NA
"348","Cade York","CLE","K","2567487","robust",NA,NA,NA,NA,NA,NA,NA,NA,NA,NA,NA,NA,NA,NA,NA,NA,NA,NA,NA,NA,NA,NA,NA,NA,NA,NA,NA,NA,NA,NA,NA,NA,NA,NA,NA,NA,NA,NA,0.0235,0.008472,0.505004777830865,0.14827416722408,0.472071587832457,0.117337672240803,0.414265806657111,0.156720193979933,0.22010989010989,0.029652,2,0,NA,NA,NA,NA
"349","Chris Boswell","PIT","K","2550545","robust",NA,NA,NA,NA,NA,NA,NA,NA,NA,NA,NA,NA,NA,NA,NA,NA,NA,NA,NA,NA,NA,NA,NA,NA,NA,NA,NA,NA,NA,NA,NA,NA,NA,NA,NA,NA,NA,NA,0.00731359649122807,0.00260105263157895,0.454805137365951,0.0735521933175184,0.488516071500371,0.0729342126774154,0.421381399449732,0.100465125648346,0.307223238577728,0.11098983675767,1.8,0.29652,NA,NA,NA,NA
"350","Cairo Santos","CHI","K","2550636","robust",NA,NA,NA,NA,NA,NA,NA,NA,NA,NA,NA,NA,NA,NA,NA,NA,NA,NA,NA,NA,NA,NA,NA,NA,NA,NA,NA,NA,NA,NA,NA,NA,NA,NA,NA,NA,NA,NA,0.00464968152866242,0.00251821656050955,0.38500902225563,0.136474107818702,0.4,0.103782,0.467035919786543,0.129580946182959,0.153636639369123,0.0620480566171266,1.6925,0.252042,NA,NA,NA,NA
"351","Brandon McManus","DEN","K","2541556","robust",NA,NA,NA,NA,NA,NA,NA,NA,NA,NA,NA,NA,NA,NA,NA,NA,NA,NA,NA,NA,NA,NA,NA,NA,NA,NA,NA,NA,NA,NA,NA,NA,NA,NA,NA,NA,NA,NA,0,0,0.503728148545222,0.044478,0.477361045966229,0.0988075478424014,0.526567869799577,0.138579157129456,0.254568827739559,0.0666041901188243,1.625,0.252042,NA,NA,NA,NA
"352","Eddy Pineiro","CAR","K","2560842","robust",NA,NA,NA,NA,NA,NA,NA,NA,NA,NA,NA,NA,NA,NA,NA,NA,NA,NA,NA,NA,NA,NA,NA,NA,NA,NA,NA,NA,NA,NA,NA,NA,NA,NA,NA,NA,NA,NA,0,0,0.285079460013671,0.0372613456937799,0.459085675837321,0.133434,0.374628759398496,0.164186802631579,0.152325757575758,0.0443656818181818,1.28,0.29652,NA,NA,NA,NA
