#,Player,Pos,Team,1,2,3,4,5,6,7,8,9,10,11,12,13,14,15,16,17,AVG,TTL
1,Josh Allen,QB,BUF,28.2,34.5,32.2,25.4,18.3,16.1,16.4,13.5,36,28.9,BYE,16.5,30.1,19.3,37.7,32.3,20.3,25.3,405.6,2
2,Kyler Murray,QB,ARI,27.3,33.1,24.7,23.1,27.3,28.9,38.1,BYE,37.9,30.9,20.3,8.9,17.4,18.5,34.1,16.4,3.8,24.4,390.7,3
3,Aaron Rodgers,QB,NYJ,30.8,18.7,24.5,29.6,-,5.8,27.3,22.5,28.9,26.4,22.7,25.6,23.5,30.9,18.3,26.1,26,24.2,387.8,4
4,Patrick Mahomes II,QB,KC,20.4,27.5,40,20.2,30.7,20.6,12,36.6,31.5,BYE,22.5,31.3,19.3,21.6,25.9,20.2,-,25.4,380.4,5
5,Deshaun Watson,QB,CLE,21.8,15.7,18.1,20.9,26.9,32,24.2,-,24.2,14.1,31.4,33.1,20.4,16.6,23.4,26.8,26.8,23.5,376.3,6
6,Russell Wilson,QB,DEN,31.8,34.4,36.8,21.9,25.5,-,32.9,28.7,24.1,11.9,20.1,14.4,16,23.1,13,19.9,18.1,23.3,372.8,7
7,Ryan Tannehill,QB,TEN,19.4,26.8,13.2,BYE,30,29.6,17.3,18.3,14.6,10.8,22.9,19.1,28.6,16.5,37,18.3,28.4,21.9,350.9,8
8,Tom Brady,QB,FA,22.5,9.7,23.9,33.5,14.1,14.6,36.9,19.1,5.4,31.8,14.6,23.7,-,15.6,23.4,29.9,31.3,21.9,349.9,9
9,Justin Herbert,QB,LAC,-,23.2,15.7,24,27.4,BYE,38.5,23.2,23.4,21.5,27.7,17.4,6.4,16.7,28,16.7,33,22.9,342.8,10
10,Lamar Jackson,QB,BAL,27.5,17.6,14.2,26,14.5,28.2,BYE,16.8,18.6,22.5,17.5,-,26.7,34.9,30.2,21.3,25.2,22.8,341.8,11
11,Alvin Kamara,RB,NO,21.2,33.9,38.2,19.4,15.9,BYE,18.8,20.8,13.4,31.3,10.5,5.7,16.7,18.9,16.9,54.7,-,22.4,336.3,12
12,Derrick Henry,RB,TEN,14.6,8.4,26,BYE,18.8,39.4,14.2,17.2,6.8,11.4,19.7,37.5,5.4,35.2,24.2,9.8,35,20.2,323.6,13
13,Kirk Cousins,QB,MIN,22.8,1.5,21.4,14.9,15.2,26.7,BYE,10.4,20.8,18.6,23,26.2,22.4,17.1,20.3,23.6,34.3,20,319.2,14
14,Dalvin Cook,RB,MIN,21.3,16.1,24.9,27.6,17.4,-,BYE,47.6,38.2,13.2,22.5,8.2,20.9,18,24.4,15.5,-,22.6,315.8,15
15,Davante Adams,WR,LV,34.6,5.1,-,-,-,9.1,38.1,26.8,28.3,14.6,20.1,15.1,29.1,21,7.7,37.7,13.6,21.5,300.9,16
16,Matt Ryan,QB,FA,24.9,28.5,12.4,12.4,7.9,31.6,17.5,18.9,23.4,-,7.3,14.9,12.9,10.3,27.8,19.9,22.7,18.3,293.4,17
17,Tyreek Hill,WR,MIA,13.1,19.3,18.7,14.4,16.8,4,14.5,23.8,28.6,-,21.5,51.4,11.8,24.6,14.4,8.5,-,19,285.4,18
18,Derek Carr,QB,NO,13.6,21.7,15.4,20.4,25,BYE,20.3,12.5,14,7.2,22.6,1.6,32.7,25.8,2.1,23.2,22.9,17.6,281.1,19
19,Ben Roethlisberger,QB,FA,22.1,19.2,19.2,-,21.4,11,15.6,15.3,25,29.3,17.7,13.5,19.2,15.5,7.7,25.5,-,18.5,277.2,20
20,Matthew Stafford,QB,LAR,17.2,17.2,18.5,23.3,-,13.3,18.4,23.4,10.4,23,7.6,17.1,27.1,14.4,15.3,0.7,23.6,16.9,270.6,21
21,Cam Newton,QB,FA,25.7,35.6,12.2,-,-,20,2.8,18.4,24.6,16.8,19.2,6,23.6,5.4,12.2,9.8,38,18,270,22
22,Stefon Diggs,WR,BUF,12.6,25.3,12.9,14.5,15.6,13.6,7.8,12.2,16.3,20.3,BYE,7.4,14.2,24.1,20.2,37,11.1,16.6,265.1,23
23,Travis Kelce,TE,KC,14,19.5,11.7,8.5,20.8,19,4.6,20.9,20.9,BYE,22.9,12.2,23.6,23.6,18.8,19.3,-,17.4,260.3,24
24,Baker Mayfield,QB,TB,10.9,16.3,14.3,15.2,17.6,7.3,30.8,7.8,-,5.4,7.1,18.4,29,31,21,8,16.2,16,256.1,25
25,Jared Goff,QB,DET,11.5,24,28.2,11.7,25.4,15.9,16.9,12.2,-,10.5,25,5,24.1,15.6,16.3,10.7,-,16.9,253,26
26,Teddy Bridgewater,QB,FA,19.4,10.7,14.6,27.2,20.8,11.4,19.2,13,28.3,20,-,14.9,-,20.4,16.9,9.6,5.7,16.8,252.2,27
27,Philip Rivers,QB,FA,16.8,11.9,12.7,11.2,7.6,25.7,-,22.3,8.1,16.3,22.4,18.8,19.2,17.8,17,11.8,11.4,15.7,251,28
28,David Montgomery,RB,DET,7.9,20.2,6.4,9.2,15.4,11.7,9.4,11.5,3.7,-,-,22.8,25.1,23,28.7,19.1,23.7,15.9,237.8,29
29,Calvin Ridley,WR,JAC,29.4,26.4,14.2,0,17.6,15.9,17.4,5.7,-,-,11.5,14,13.3,22.4,27.3,14.8,6.6,15.8,236.5,30
30,Aaron Jones,RB,GB,15.6,43.6,15.6,19.6,BYE,11.6,-,-,10.4,12,15.1,9.5,22.3,8.5,23.3,11.8,16.5,16.8,235.4,31
31,Jonathan Taylor,RB,IND,11.9,18,12.7,8.4,14.4,13.5,BYE,4.1,8.4,4.7,13.4,-,21,29.5,17.5,19.4,37.9,15.7,234.8,32
32,DeAndre Hopkins,WR,FA,22.1,16.8,18.7,7.6,22.1,8.3,19.3,-,4.5,22.2,7.6,8,15.2,18.1,25.5,8.8,5.5,14.4,230.3,33
33,Justin Jefferson,WR,MIN,3.6,5.9,27,12.3,3.8,35.1,BYE,4.1,7.9,17.5,16.1,22.5,22.8,7.9,14.4,11.5,17.8,14.4,230.2,34
34,DK Metcalf,WR,SEA,17.5,17.2,17,12.6,24.3,BYE,3.3,34.1,20.3,3.8,12.1,22.7,10.5,15.1,6.8,8.9,3.6,14.4,229.8,35
35,James Robinson,RB,NE,9.5,19.5,27.9,12.7,7.5,13.3,29.7,-,15.9,12.2,10.4,24.4,19.8,10.3,12.8,-,-,16.1,225.9,36
36,Darren Waller,TE,NYG,7.5,22.5,1.9,11.3,13.3,-,14,5.2,10.7,5.2,18.3,4.3,38.5,11,25.5,13.7,22.2,14.1,225.1,37
37,Adam Thielen,WR,CAR,28,4.6,10.8,22.2,24.8,12.6,-,4.2,4.8,18.3,28.3,-,17.5,5.4,8.1,19.7,7.7,14.5,217,38
38,Drew Brees,QB,FA,14.4,15.5,23.5,16.5,22.1,-,23.7,19.6,22.7,6.9,-,-,-,-,20.4,10.1,20,18,215.5,39
39,Tyler Lockett,WR,SEA,13.2,16.2,32.5,4.9,6.4,BYE,45.5,5.3,6,9.1,17.2,3.8,9.3,7.7,5.4,5.9,27,13.5,215.4,40
40,Josh Jacobs,RB,LV,33.9,12,7.8,8.8,21.5,BYE,4.6,12.9,13.3,27.6,12.9,3.9,-,8.9,18.9,6.9,20.9,14.3,214.8,41
41,Mike Evans,WR,TB,6.7,19.9,13.2,21.7,12.6,1.5,4.7,14,8.4,16.7,13.4,18.5,BYE,7.1,14,35.1,6.1,13.4,213.6,42
42,Carson Wentz,QB,FA,15,14.4,23.5,22.4,19.4,29.4,28.8,10.6,-,8.7,16.4,19.8,5,-,-,-,-,17.8,213.4,43
43,A.J. Brown,WR,PHI,6.4,-,-,-,17.7,20.3,24.3,10.4,18.1,2.6,14.2,23.8,8.7,20.7,12.9,6.3,26.1,15.2,212.5,44
44,Allen Robinson II,WR,PIT,9.8,4.8,23.3,19.6,14,7.8,9,17.7,11.6,7.3,-,23.4,10.5,22.8,10.3,15.3,4.7,13.2,211.9,45
45,Robert Woods,WR,HOU,14.9,10.3,18.9,6.8,15.1,12,4,24.9,-,6.1,24.6,12.3,13.5,5.6,18.6,6.9,5.6,12.5,200.1,46
46,Nick Chubb,RB,CLE,5.1,25.8,23.5,4.3,-,-,-,-,BYE,18.6,11.4,25.1,17.1,23.3,13.6,15.1,16.8,16.6,199.7,47
47,Kareem Hunt,RB,FA,10.1,23.1,13.4,19.1,16.8,6.7,17.7,8.3,-,14.7,8.6,6.2,7.2,26,4.3,12.7,4.6,12.5,199.5,48
48,Ezekiel Elliott,RB,FA,26.2,19.2,14.8,16.5,23,8,5.6,7.8,7.9,-,18.4,2.4,11.5,6.9,-,15.9,13.6,13.2,197.7,49
49,Drew Lock,QB,SEA,13.1,-1.2,-,-,-,5.5,15,20.8,30.2,11,12.1,-,12.9,25.6,11,16.1,24.3,15.1,196.3,50
50,Keenan Allen,WR,LAC,5.7,13.1,23.7,10.2,9.9,BYE,17.5,17.2,20.8,11.4,26.5,14,7.3,15.7,2.1,-,-,13.9,195.1,51
51,Brandin Cooks,WR,DAL,3,12,3.8,0,26.1,17.3,9.5,-,15.8,6.9,10.5,11,9,-,8.9,23.6,34.1,12.8,191.5,52
52,Amari Cooper,WR,CLE,13.1,13,13.1,27.4,3.1,17.4,12,1,10,-,11.1,20.2,13.8,13.1,1.3,14.1,7.1,11.9,190.8,53
53,Daniel Jones,QB,NYG,19.4,8.7,9.1,11.1,8.2,14.9,21.7,18.2,12.9,22.2,BYE,10.4,-,3.1,-,14.4,15.9,13.6,190,54
54,Marvin Jones Jr.,WR,DET,7.5,10.3,6.6,1.4,BYE,1.8,10.5,17.4,11.8,19.6,7.1,7.8,21.6,6.8,22.2,3.4,34,11.9,189.8,55
55,JuJu Smith-Schuster,WR,NE,21.9,8.3,14.3,-,4.8,1.6,13,10.2,18.3,18.2,3.9,13.7,6.3,14.5,1,20.1,15.5,11.6,185.6,56
56,Antonio Gibson,RB,WAS,5.4,11.7,11.5,20.8,7.6,7.5,18.8,BYE,11,20.5,16.9,34.1,1.4,-,-,8.4,8.6,13.2,184.2,57
57,Chase Claypool,WR,CHI,5.7,16.3,2.9,-,39.1,16.1,0.3,10.7,11.3,19.3,13.9,8.2,4.8,3,6.3,7.4,18.6,11.5,183.9,58
58,Melvin Gordon III,RB,FA,14.1,15.4,5.8,24.8,-,-,11,7.7,3.2,4.6,18.4,3.1,14.7,10.6,22.1,7.9,19,12.2,182.4,59
59,CeeDee Lamb,WR,DAL,8.4,14.5,9.1,22.7,16.4,9.9,0.1,6.6,13.1,BYE,14.6,4.6,7.6,7.1,17,21.9,7.1,11.3,180.7,60
60,Terry McLaurin,WR,WAS,8.6,22,10.6,16.8,4.1,10.9,18.5,BYE,21,13.7,10.9,12.7,2.4,3.4,11.2,-,13.5,12,180.3,61
61,Kenyan Drake,RB,FA,13.5,10.5,8.4,3.5,12.7,28.4,4.6,-,-,9.4,14,22.8,12.8,15.5,5,12,6.6,12,179.7,62
62,Joe Burrow,QB,CIN,17.3,24.5,20.4,16.1,5.3,17.7,34.6,18.9,BYE,12.5,11.3,-,-,-,-,-,-,17.9,178.7,63
63,DJ Moore,WR,CHI,7.4,16,7.5,6.9,17.3,11.8,23.3,6.5,2.8,17.6,18.3,8.1,-,-,16.2,6.2,12.6,11.9,178.5,64
64,Diontae Johnson,WR,PIT,6.7,19.2,0.9,BYE,0.3,-,24.5,1.1,11.1,20.6,17.1,8.6,17.1,6,15.9,17.6,11.1,11.9,177.8,65
65,Mike Davis,RB,FA,0,11.5,19.1,19.6,25.4,10.5,6.1,8.2,6.2,6.4,14.9,9.4,-,23.8,7.1,8.8,-,11.8,177,66
66,Chosen Anderson,WR,MIA,22.4,13.4,8,13.9,15.5,9.7,10.4,7.3,10.8,4.1,8.1,17.4,-,13.7,3,13.4,5.5,11,176.6,67
67,Curtis Samuel,WR,WAS,6.8,4.9,7.2,6.3,8.9,-,14.3,19.4,22.3,2.7,17.4,10.2,-,12.5,6.8,18.3,15.6,11.6,173.6,68
68,Ronald Jones II,RB,DAL,9.2,9.7,8.3,15.8,14,25.1,10.1,4.6,3.3,24.3,2.4,16.8,-,14.9,-,-,13.8,12.3,172.3,69
69,Jason Sanders,K,MIA,4,11,7,18,22,6,BYE,4,14,14,10,12,14,10,2,15,9,10.8,172,70
70,Chris Carson,RB,FA,21.6,18.3,9.1,23.5,16.9,-,4.6,-,-,-,-,12.9,18.5,17.3,7.9,9.4,9.3,14.1,169.3,71
71,Younghoe Koo,K,ATL,9,17,8,-,13,20,2,13,12,BYE,13,21,12,6,11,2,9,11.2,168,72
72,D'Andre Swift,RB,PHI,9.8,9.7,2.4,13.2,-,25.8,12.8,3.8,11.2,23.4,-,-,-,13,20.2,7,14.5,12.8,166.8,73
73,Cole Beasley,WR,FA,7.8,9.5,13,10.7,8.3,12.5,16.7,3.4,5.4,22.4,-,8.3,23.5,6.6,15.2,3.2,-,11.1,166.5,74
74,Gardner Minshew II,QB,IND,20.8,25.5,10.2,21.9,19.8,18.6,19,-,-,-,-,-,-,13.3,15.9,-,-,18.4,165.2,75
75,David Johnson,RB,FA,18.4,6,11.6,10.2,11.3,13.4,14.4,-,1.6,-,-,-,10.4,-,18.8,27.4,19.5,13.6,163,76
76,Cooper Kupp,WR,LAR,6,10.5,21.2,15.2,9.1,2.6,8.9,16.5,BYE,7.5,20,5.1,11.3,11.8,6.4,10.6,-,10.8,162.7,77
77,William Fuller V,WR,FA,15.2,0,13.4,19.8,13.8,21.3,11,-,18.5,6.3,11,32.1,-,-,-,-,-,14.8,162.4,78
78,Mitch Trubisky,QB,PIT,24.3,15.2,12.6,BYE,-,-,-,0.3,-,-,-,20.7,13.3,25,14.5,24.6,11.3,16.2,161.7,78
78,Nyheim Hines,RB,BUF,23.3,0.9,8.1,4.7,4,5.2,-,19.7,4.8,26,6.8,13.5,10.7,9.5,6.4,8.4,9.7,10.1,161.7,80
80,Nelson Agholor,WR,BAL,8.8,2.4,4.2,12.4,13.7,-,19.2,0,12.5,1.3,17.8,7.9,5.8,18.5,6.9,24,6.2,10.1,161.6,81
81,Ryan Fitzpatrick,QB,FA,8.4,24.3,24.7,23.3,27.6,18,-,-,-,-,4.3,19.3,-,0,-,11.3,-,16.1,161.2,82
82,Tee Higgins,WR,CIN,0,5,18.5,11,8.2,15.7,16.3,11.4,BYE,19,4.1,12.9,8.1,7.4,4.6,18.9,0,10.1,161.1,83
83,J.K. Dobbins,RB,BAL,14.2,6.6,6.4,2.2,7,3.9,BYE,12.6,4.5,1.9,17.5,-,13.1,13.3,14.6,13.7,28,10.6,159.5,84
84,Corey Davis,WR,NYJ,13.6,11.1,9.4,-,-,-,12.5,22.8,0,9.2,13.8,8.5,29.7,2.9,19,0,6.4,11.4,158.9,85
85,Chris Godwin,WR,TB,10.9,-,14.9,-,-,7.3,19.3,-,5.6,12.2,14.8,13.7,BYE,3.5,11.6,16.9,27.8,13.2,158.5,86
86,Clyde Edwards-Helaire,RB,KC,19.8,10,15.9,10.6,9.5,18.9,12.8,4.6,10.9,BYE,20.2,4.4,-,11.6,8.8,-,-,12.2,158,87
87,Tyler Bass,K,BUF,9,7,5,6,5,6,23,6,15,18,BYE,11,10,8,12,8,8,9.8,157,88
88,Miles Sanders,RB,CAR,-,18.6,12.7,8.6,22.9,11.7,-,-,-,12.5,7.6,5.2,3.1,27.6,9.5,16.4,-,13,156.4,89
89,Daniel Carlson,K,LV,12,12,8,13,11,BYE,9,10,7,15,7,6,8,9,9,13,6,9.7,155,90
90,Taysom Hill,TE,NO,4.7,0.8,-0.8,1.9,7.3,BYE,0.6,13.5,9.9,2.5,24.2,18.5,23.6,19.9,6.3,10.5,11.1,9.7,154.6,91
91,Brandon Aiyuk,WR,SF,-,3.1,18.6,12.6,5.9,8.2,14.5,19.1,-,16.2,BYE,-,18,16.9,17.8,3.6,-,12.9,154.5,92
92,Marquise Brown,WR,ARI,12.6,6.7,2.3,10.6,16.8,7.7,-,6.8,5.3,2.4,0,16.5,12.4,12,12.8,10.5,18.6,9.6,154,93
93,Tyler Boyd,WR,CIN,5.3,16.7,17.5,12.9,6.2,10.4,22.2,16.6,BYE,7.1,13,3,13.7,6.8,0,-,1.7,10.2,153.1,94
94,Greg Zuerlein,K,NYJ,5,11,9,2,14,4,4,13,15,BYE,5,10,5,14,13,13,16,9.6,153,95
95,Jarvis Landry,WR,FA,8.6,6.1,5.6,12.8,10.8,5.5,8.5,7.2,-,4.4,3.6,24.3,16.4,8.7,15.6,-,13.9,10.1,152,96
96,J.D. McKissic,RB,FA,0.4,5.3,6.7,6.1,7.9,11.4,6.1,-,12.7,14.4,8.4,3.7,12.8,9.6,21.2,19.2,5.5,9.5,151.4,97
97,Los Angeles Rams,DST,LAR,4,7,4,11,12,0,15,5,BYE,13,5,15,11,21,2,6,20,9.4,151,98
98,Todd Gurley II,RB,FA,12.7,6.1,14.7,18.8,23,8.2,21.2,10.6,12.5,-,3.4,-,2.5,4.1,2.4,6.5,4,10,150.7,99
99,Robert Tonyan,TE,CHI,0,9.5,13.5,30.8,-,4,4.2,10.4,1,4.8,12.9,15.2,11.9,12.1,9.3,2.2,8.8,9.4,150.6,100
100,Rodrigo Blankenship,K,FA,8,15,12,14,11,8,-,3,5,11,15,2,7,14,11,6,8,9.4,150,101
101,Pittsburgh Steelers,DST,PIT,8,13,7,BYE,8,18,2,18,7,12,17,14,3,6,2,9,4,9.3,148,102
102,James Conner,RB,ARI,2.7,19.1,22.9,-,13.8,16.7,12.6,13.5,3,5.8,11.4,-,-,1.8,-,15.1,8.7,11.3,147.1,103
103,Russell Gage,WR,TB,15.9,13.6,3.6,3,2.6,8.5,8.4,3.5,2.1,-,9.3,4.9,13.1,16.3,15.3,4.3,20.7,9.1,145.1,104
104,Sam Darnold,QB,SF,12.2,11.9,9.7,23.6,-,-,2.8,7.4,-,-,BYE,6.8,21,5.6,14.1,17,12.9,12.1,145,104
104,Indianapolis Colts,DST,IND,4,15,26,7,11,4,BYE,15,5,10,8,-3,12,12,10,0,9,9.1,145,104
104,Ryan Succop,K,FA,5,7,9,8,14,10,9,15,4,17,6,6,-,9,7,5,14,9.1,145,104
104,Justin Tucker,K,BAL,9,16,9,8,10,16,BYE,8,7,5,10,2,10,9,9,9,8,9.1,145,108
108,Andy Dalton,QB,CAR,-,0,-,-,2.4,13,3.6,-,-,-,19.8,13.3,18.6,15.3,17.2,27.6,13.6,13.1,144.4,109
109,Michael Gallup,WR,DAL,6.5,6.8,22.8,3.9,9.3,3.3,0,9.6,5.1,BYE,3.9,7.1,18.1,3.3,10.1,27.1,6.9,9,143.8,110
110,Myles Gaskin,RB,MIA,8.6,11.2,12,7.7,17.6,14.6,BYE,11.8,-,-,-,-,13.1,-,-,31.4,15.7,14.4,143.7,111
111,Jamison Crowder,WR,NYG,21,-,-,13.9,21.6,8.3,-,-,9.6,-,2.1,4.6,19.2,1.7,9.6,25.8,5.1,11.9,142.5,112
112,T.J. Hockenson,TE,MIN,14.1,8.2,7.3,9.9,-,8.7,14.4,10,12.4,2.3,8.8,11.4,11.9,13.3,0.8,4.3,4,8.9,141.8,113
113,Chase Edmonds,RB,TB,12,2.8,4.4,12.5,17.7,3.4,18,-,10.3,9.2,12.9,6.3,5.3,7.3,14.1,1.8,3.5,8.8,141.5,114
114,Mark Andrews,TE,BAL,20.3,3.4,3.7,19.2,14.6,3.1,BYE,4.7,3.7,9.6,18.1,-,-,10.3,15.1,10.6,4.7,10.1,141.1,115
115,Miami Dolphins,DST,MIA,2,2,12,3,12,15,BYE,23,8,6,5,14,14,10,9,5,1,8.8,141,115
115,Baltimore Ravens,DST,BAL,15,15,7,6,26,7,BYE,4,14,1,3,8,4,0,10,10,11,8.8,141,117
117,Logan Thomas,TE,WAS,11.7,4.6,5.1,1.3,0.9,11.7,14,BYE,4.3,8.6,1.8,11.4,20.3,7.3,16.6,9.8,11.2,8.8,140.6,118
118,Tua Tagovailoa,QB,MIA,-,-,-,-,-,0.4,BYE,5.7,21.4,14.7,7.3,-,16.1,28,19.7,8.9,18.2,14,140.5,119
119,Dak Prescott,QB,DAL,17.6,39.8,29.5,38.3,13.9,-,-,-,-,BYE,-,-,-,-,-,-,-,27.8,139.1,120
120,Cairo Santos,K,CHI,9,5,6,3,9,13,5,14,5,8,BYE,5,7,10,18,12,10,8.7,139,121
121,Austin Ekeler,RB,LAC,9.2,16.8,25.8,1.9,-,BYE,-,-,-,-,-,18.4,8.8,19.1,9.9,14.3,14.1,13.8,138.3,122
122,Jason Myers,K,SEA,9,5,4,9,3,BYE,12,8,12,12,9,12,4,11,10,10,8,8.6,138,123
123,T.Y. Hilton,WR,FA,7.3,4.3,6.7,4.4,9.9,1.6,-,1.9,-,6,5.1,16.1,21,23.1,9.1,7.5,12.2,9.1,136.2,124
124,Brandon McManus,K,JAC,2,8,6,18,-,24,5,7,11,8,9,5,6,2,-,14,11,9.1,136,125
125,Jeff Wilson Jr.,RB,MIA,0,0.3,20.4,2.4,2.7,-,31,-,-,-,-,2,6.9,8.9,12,26.9,22.3,11.3,135.8,126
126,Tim Patrick,WR,DEN,4.9,3.4,12.3,20.3,BYE,12.1,5.9,-,10.9,8.1,14.4,0,18.4,11.1,2.9,5.4,5.6,9,135.7,127
127,Wil Lutz,K,NO,10,6,13,5,15,BYE,11,14,8,10,6,8,3,3,3,10,10,8.4,135,128
128,DeVante Parker,WR,NE,6.7,13.8,9.4,16,12,5,-,6.8,9.4,4.1,15.1,15.9,5.5,0,-,-,15.1,9.6,134.8,129
129,Giovani Bernard,RB,FA,4.8,5,7,1.9,0.9,10.3,18.1,21.3,-,6.7,7.5,5.9,3.9,1.8,22.2,16.6,0.7,8.4,134.6,130
130,Emmanuel Sanders,WR,FA,9,2.3,13.6,12.3,18.2,-,-,-,11.8,1,8.6,0.9,6.4,12.3,9.6,11.5,16.8,9.6,134.3,131
131,Harrison Butker,K,KC,10,13,4,8,6,8,14,5,11,BYE,5,9,17,8,6,7,3,8.4,134,132
132,Graham Gano,K,NYG,4,7,13,9,20,8,3,5,13,10,BYE,15,4,1,6,8,7,8.3,133,133
133,Mike Gesicki,TE,NE,4.5,23,8,2,11.6,0,-,1.3,5.7,5,6.3,10.5,19.3,21,-,7.4,7.2,8.9,132.8,134
134,Ka'imi Fairbairn,K,HOU,2,12,3,13,13,6,8,BYE,11,1,10,10,10,1,8,7,17,8.3,132,135
135,Jerry Jeudy,WR,DEN,7.6,8.2,8,13.1,BYE,4.2,3,9.3,22,8.8,5.2,0,1,5.2,2.4,9.1,24.5,8.2,131.6,136
136,Mike Williams,WR,LAC,8.9,2.4,2.2,-,25.4,BYE,0.9,18.5,10.6,4.8,15.2,4.1,6.3,0,3.2,7.4,19.8,8.6,129.7,137
137,Sterling Shepard,WR,NYG,7.7,4.5,-,-,-,-,14.9,11.4,8.7,7.7,BYE,10.3,4.7,5,6.8,18.2,29.6,10.8,129.5,138
138,Joey Slye,K,WAS,12,5,15,7,11,11,7,5,8,6,10,10,-,9,10,2,1,8.1,129,139
139,Nick Mullens,QB,MIN,-,1.6,17.7,8,-,-,BYE,17.5,12.6,12.2,-,9.1,22.6,13.4,13.5,-,-,12.8,128.3,140
140,Laviska Shenault Jr.,WR,CAR,12.2,8.7,5.9,11.6,11.4,2.6,5.9,-,0.4,-,-,5.2,14.3,8.1,6.9,13.3,21.6,9.2,128.1,141
141,Dustin Hopkins,K,LAC,10,3,2,6,5,7,5,-,10,10,10,11,14,13,4,8,10,8,128,142
142,Keelan Cole Sr.,WR,LV,13.2,14.8,6.3,6.6,9.7,17.3,1.7,-,1.1,19.2,3.6,5.9,1.2,16.2,3.2,4.1,3.8,8,127.9,143
143,DJ Chark Jr.,WR,CAR,10,10.4,-,25.5,3.1,8,3.1,-,24.1,7.6,6.1,-,5.1,2.6,7.3,14.2,-,9.8,127.1,144
144,Washington Commanders,DST,WAS,15,4,1,4,2,4,17,BYE,5,0,12,15,3,23,3,9,10,7.9,127,145
145,Rob Gronkowski,TE,FA,2.1,0,7.8,3.4,6.7,16.3,14.7,12.1,0.7,12.1,3.5,13.6,-,6.7,4.4,18.8,3.9,7.9,126.8,146
146,Wayne Gallman Jr.,RB,FA,1.9,-,2.4,4.5,3.4,0,13.9,12.7,14.2,18.5,-,16.6,13.5,8.8,2.9,6.3,6.5,8.4,126.1,147
147,New Orleans Saints,DST,NO,17,4,-3,4,3,BYE,1,7,16,14,16,14,6,2,7,1,17,7.9,126,148
148,Latavius Murray,RB,BUF,4.8,4.3,7,20.8,6.7,-,6.1,4.6,5.2,5.7,9.5,25.1,2.7,1.2,9.9,11.1,-,8.3,124.7,149
149,Devin Singletary,RB,HOU,7.8,8.6,14.1,16.2,3.8,5,5.7,9.7,4.9,1.5,-,9.7,9.8,3.9,15.9,6.2,1.8,7.8,124.6,150
150,Gus Edwards,RB,BAL,1.7,7.3,3.9,3.8,2.5,8.6,BYE,14.7,8.4,7.8,0.6,7,10.1,17.8,8.8,13.2,7.5,7.7,123.7,151
151,Nick Folk,K,NE,3,6,12,5,BYE,7,8,8,15,5,9,10,9,3,15,4,4,7.7,123,152
152,Christian Kirk,WR,JAC,0.5,7,-,9.4,10.3,21.6,18.2,BYE,20.8,4.7,7,3.4,0.7,2.9,4.8,11.1,-,8.7,122.4,153
153,Darrell Henderson Jr.,RB,FA,0.6,19.1,18.5,4.2,20.3,9.2,8.6,6.3,-,9.8,1.9,1.9,14.4,0.5,0.8,6.2,-,8.2,122.3,154
154,Darnell Mooney,WR,CHI,5.3,11.1,2.9,7.4,2.5,5.1,5.5,15.4,6.8,1.3,BYE,6.9,6.3,9.7,14.5,6.1,14.8,7.6,121.6,155
155,Hayden Hurst,TE,CAR,5.3,15.7,6.6,7.1,1.8,13.7,9.8,7.9,9.7,-,0,6.8,1.4,1.2,10.1,13.2,10.8,7.6,121.1,156
156,Marquez Valdes-Scantling,WR,KC,17.6,7.9,1,6.5,-,4.7,0.9,2.8,18.3,22.9,5,0,-0.4,17.5,0,0,16.1,7.6,120.8,157
157,Julio Jones,WR,FA,20.2,3.4,-,5.2,-,29.7,13.7,17.2,13.9,-,4.9,-,12.4,-,-,-,-,13.4,120.6,158
158,Mason Crosby,K,FA,12,11,16,7,-,4,5,2,12,6,7,5,7,9,8,4,5,7.5,120,158
158,Michael Badgley,K,DET,11,9,5,9,3,-,9,15,9,3,11,3,0,9,6,14,4,7.5,120,160
160,Jonnu Smith,TE,ATL,11.6,22.4,8.6,-,18.5,1.8,1.4,3.9,10.2,8.5,10,0,-,3.3,7.7,10.5,1.3,8,119.7,161
161,Gabe Davis,WR,BUF,2.6,7.1,10.1,9.1,8.3,1.2,1.6,0,15,0,BYE,15.4,14.3,9.4,2.8,4.8,17.7,7.5,119.4,162
162,Tampa Bay Buccaneers,DST,TB,0,14,18,6,6,19,6,7,1,5,4,4,BYE,9,3,12,5,7.4,119,162
162,Stephen Gostkowski,K,FA,4,12,25,-,6,4,8,2,7,7,12,10,3,9,8,2,-,7.9,119,164
164,Jimmy Graham,TE,FA,10,2.3,21,5.3,10.8,5.9,5.6,2.3,14.5,0,-,4.7,0,10.3,3.5,20.9,1.5,7.4,118.6,165
165,Adrian Peterson,RB,FA,12.9,4.1,9,9.6,-,12.3,3.5,1.7,5.8,3.5,1.8,17.5,17.7,3.5,2.3,1,12.3,7.4,118.5,166
166,Noah Fant,TE,SEA,16.6,15.7,7.1,6,-,BYE,5.3,8.2,6,3.3,7.5,1.8,7.7,0,16.8,9.5,6.8,7.9,118.3,167
167,Buffalo Bills,DST,BUF,8,2,5,6,-4,3,14,4,12,6,BYE,6,4,12,12,7,21,7.4,118,168
168,Matt Prater,K,ARI,12,3,14,3,-,11,16,3,9,16,0,5,4,6,7,1,7,7.3,117,169
169,Darius Slayton,WR,NYG,25.2,4.8,4.8,6.3,16.9,10.8,3.3,8.1,1.3,11.8,BYE,0,1.9,4.6,9.4,3.6,3.2,7.3,116,170
170,Hunter Henry,TE,NE,9.8,11.3,7.5,4.9,10.3,-,3.8,5.3,5.3,11,12.8,10.2,1,7.1,15,-,-,8.2,115.3,171
171,Dalton Schultz,TE,HOU,1.6,17.3,6.8,15.2,1.1,5.5,3.2,8.3,6.8,-,10.5,4.9,6.4,4.9,8.4,3.6,10.5,7.2,115,172
172,Zach Pascal,WR,ARI,2.8,9.4,4.4,7.3,2.5,13.4,-,5.9,8,5.3,6.9,2.8,1.6,3.2,22.4,13.9,5.1,7.2,114.9,173
173,Leonard Fournette,RB,FA,2.4,25.6,3.2,-,0,-,12.7,8.6,7.1,4,9.1,3.5,-,-,20,14.1,3.7,8.8,114,174
174,Eric Ebron,TE,FA,2.3,5.8,13.7,-,4.8,1.9,8,12.8,9.7,4.8,11.6,8.9,10.3,6,0,13.2,-,7.6,113.8,175
175,Jakobi Meyers,WR,LV,0,1.2,0,-,-,BYE,8.2,10.8,22.9,13.4,5.3,7.7,2.5,6.7,12.6,6.5,15.3,8.1,113,176
176,Jalen Hurts,QB,PHI,-,0,0.5,1.8,0.7,3.1,0.2,0.4,BYE,-0.1,0.6,0.2,10.3,19.3,37.8,20.6,17.3,7.5,112.6,177
177,Nick Foles,QB,FA,-,-,18.2,12.9,12.6,17.3,8.4,17.9,21.6,3.4,-,-,-,-,-,-0.2,-,12.5,112.2,178
178,Jamaal Williams,RB,NO,6.2,8.3,2.2,14.5,-,3.4,19.4,15.2,-,7,8.1,13.3,4.6,3.8,3,-,2.6,8,111.6,179
179,Cody Parkey,K,FA,-,5,11,12,13,1,8,7,-,5,9,10,12,4,2,5,6,7.3,110,179
179,Arizona Cardinals,DST,ARI,6,9,4,1,7,15,7,BYE,2,3,2,8,2,18,10,6,10,6.9,110,181
181,Jerick McKinnon,RB,KC,11.9,13.7,15.2,19.2,1.5,3.8,-0.1,11.9,14.3,5.1,-,4.2,0,0,3.2,4.7,1.1,6.9,109.7,182
182,Evan Engram,TE,JAC,1.9,9.5,3.7,6.5,9,4,7.9,9.5,13.3,2.5,-,13.9,5.2,2.8,6.6,10.5,2.7,6.8,109.5,183
183,Jared Cook,TE,FA,10.5,8.3,3.1,-,12.2,-,10.7,13.6,2,0,1.1,0,10.3,11.2,3.9,9.7,12.3,7.3,108.9,184
184,Kansas City Chiefs,DST,KC,7,5,7,20,-1,3,24,9,1,BYE,1,5,5,14,2,7,-1,6.8,108,184
184,New England Patriots,DST,NE,11,6,15,4,BYE,7,6,3,3,5,0,5,31,4,4,-4,8,6.8,108,186
186,Mecole Hardman Jr.,WR,NYJ,1.1,6.3,16.1,10.7,6,0,8,19.1,6.3,BYE,2.1,3.8,2,9.5,9.2,5.9,1.5,6.7,107.6,187
187,Tony Pollard,RB,DAL,4.2,1.4,0,9.7,4.2,5,2.7,7.4,6.3,BYE,12,3.2,3.3,11.8,28.2,2.5,4.9,6.7,106.8,188
188,Greg Ward,WR,PHI,5.6,1,16.6,5.8,10.6,4.9,12.7,2.7,BYE,6.4,2.4,0.8,13.2,3,15.5,3.7,1.7,6.7,106.6,189
189,Tyler Higbee,TE,LAR,5.5,25.9,7,3.5,2.2,7.1,-,2.4,BYE,7.5,4,1.1,10.4,4.4,14.7,4.9,5.6,7.1,106.2,190
190,Robbie Gould,K,FA,10,8,14,2,5,7,10,3,5,8,-,14,7,1,10,2,-,7.1,106,191
191,Kendrick Bourne,WR,NE,4.4,8.7,8.3,4.8,10,5.4,0,12.1,-,4.6,-,4.9,5.5,7.7,16.6,2.1,10.1,7,105.2,192
192,Seattle Seahawks,DST,SEA,6,3,11,5,7,BYE,0,7,3,5,5,9,9,12,9,9,5,6.6,105,193
193,Hunter Renfrow,WR,LV,3.1,5.2,17.4,8.2,4.7,BYE,6.2,10.6,7,4,4.7,10.8,6.7,4.3,0.9,5.9,3.9,6.5,103.6,194
194,Philadelphia Eagles,DST,PHI,3,1,8,18,-1,2,9,20,BYE,3,8,2,7,9,6,0,8,6.4,103,194
194,New York Giants,DST,NYG,4,9,-2,5,11,14,5,4,13,4,BYE,9,13,1,2,2,9,6.4,103,196
196,Rashard Higgins,WR,FA,1.4,0,-,-,10.6,7.8,14,1.9,-,6.3,8,2,18.5,15.8,9.6,-,6.5,7.9,102.4,197
197,David Moore,WR,TB,5.5,12.3,0.7,17,0,-,7.3,12.1,15.1,2.8,1.5,7,1.1,10.4,2.5,5,1,6.3,101.3,198
198,George Kittle,TE,SF,7.3,-,-,32.6,6.4,20.4,8,4.9,-,-,BYE,-,-,-,-,11.2,10.3,12.6,101.1,199
199,Randy Bullock,K,FA,10,13,12,17,3,12,10,7,-,4,5,6,1,-,-,-,-,8.3,100,199
199,Chris Boswell,K,PIT,9,6,8,BYE,9,8,9,4,9,14,11,7,-,1,5,-,-,7.7,100,201
201,Carolina Panthers,DST,CAR,-1,3,11,3,5,2,3,4,3,1,17,19,BYE,2,5,21,1,6.2,99,202
202,Josh Reynolds,WR,DET,2.2,4.3,6,4,5.6,11.5,13.2,6.4,-,13.4,4.7,6.5,2.6,1.1,1.9,10,4.9,6.1,98.3,203
203,Zane Gonzalez,K,SF,8,13,7,3,7,8,16,-,7,16,3,6,4,-,-,-,-,8.2,98,204
204,Malcolm Brown,RB,FA,24.5,4.7,1.9,8.2,2.9,3.7,11.7,6.7,-,18.1,3.3,0.9,3.2,0,1.5,4,2.3,6.1,97.6,205
205,Cleveland Browns,DST,CLE,0,4,14,5,13,1,7,3,BYE,6,20,0,5,2,8,6,3,6.1,97,206
206,Travis Fulgham,WR,FA,-,-,-,12.7,26.2,16.5,9.8,16.8,-,1.3,1.3,2.6,0,0,4,3.7,2,7.5,96.9,207
207,Cam Akers,RB,LAR,4.8,1.3,-,-,6.1,0,-,5.9,BYE,3.8,8.4,14.4,15.9,20.4,6.7,-,8.6,8,96.3,208
208,Rex Burkhead,RB,FA,3.2,6.9,31.3,5.5,-,1.4,6.2,3.6,14.2,20.6,2.2,-,-,-,-,-,-,9.5,95.1,209
209,Zack Moss,RB,IND,10.2,3.7,-,-,-,1,8.7,20.1,11.8,2.2,-,7.8,1.9,4.3,8.1,12.2,2.6,7.3,94.6,209
209,Antonio Brown,WR,FA,-,-,-,-,-,-,-,-,4.6,10.1,9.8,2.1,-,7.4,17.8,11.5,31.3,11.8,94.6,211
211,Green Bay Packers,DST,GB,5,12,3,5,BYE,-1,6,0,6,6,4,15,10,4,6,7,6,5.9,94,212
212,Dallas Goedert,TE,PHI,20.1,5,1.2,-,-,-,-,2,BYE,5.3,16.2,17,9.1,6.3,5.9,5.3,-,8.5,93.4,213
213,Frank Gore,RB,FA,2.4,6.3,6.7,4.1,3,9,6,3,6.9,-,14.1,10.1,0.2,1.6,13,5.8,-,6.1,92.2,214
214,James White,RB,FA,6.7,-,-,9.4,-,11.3,0.8,4.5,4.4,1.8,11.3,14.2,1.6,2.3,7.5,5.2,11.1,6.6,92.1,215
215,Chicago Bears,DST,CHI,3,12,4,2,6,11,11,1,4,12,BYE,-4,3,17,5,6,-1,5.8,92,216
216,Raheem Mostert,RB,MIA,23.1,17.7,-,-,13.4,8.6,BYE,-,-,-,-,9.3,4.8,8,6.8,-,-,11.5,91.7,217
217,Damiere Byrd,WR,CAR,0,10.2,4.2,10.5,-,5.3,2.1,5.4,9,0,23.3,4.8,2.6,7.3,3.9,1.2,1.6,5.7,91.4,218
218,Austin Hooper,TE,LV,2.5,3.2,4,11.9,8.2,7.7,-,-,-,1.6,4.8,8.3,3.4,-,12.6,10.6,11.7,7,90.5,219
219,San Francisco 49ers,DST,SF,4,5,12,6,-2,5,17,-2,0,7,BYE,17,2,8,-2,11,2,5.6,90,219
219,Dan Bailey,K,FA,4,3,7,7,11,1,-,4,4,8,4,10,8,0,9,3,7,5.6,90,221
221,Joe Mixon,RB,CIN,5.6,10.6,7.5,39.1,12.4,13.9,-,-,BYE,-,-,-,-,-,-,-,-,14.9,89.1,222
222,Damien Harris,RB,BUF,-,-,-,10,-,3.8,7.5,16.2,7.1,12.1,11.9,4.7,10,5.5,-,-,-,8.9,88.8,223
223,A.J. Green,WR,FA,7.6,4.4,6.1,0.8,0,13.6,11.7,2.9,-,0,12.1,0,0,15.2,5,8.4,0,5.5,87.8,224
224,Tre'Quan Smith,WR,NO,0.9,11.1,6.2,19.4,1.8,BYE,7.4,6.8,7.9,0,0,2.1,12,7.5,3,-,-,6.2,86.1,225
225,Scott Miller,WR,ATL,10.4,2.2,9.8,16.8,0,1.1,19.9,5.7,1.5,0.9,0,0,-,11.3,3.5,1.2,1.7,5.4,86,226
226,Demarcus Robinson,WR,FA,3.5,4.3,0,-,1.2,9.4,0.9,14.3,8.9,-,7.4,6.1,4.9,1.8,3.7,9.9,8.8,5.7,85.1,227
227,Isaiah McKenzie,WR,IND,3.2,5.7,1.5,3.4,8.7,0.9,1.3,0,9.1,5.2,-,-0.1,10.1,1.7,1.3,5.1,27.5,5.3,84.6,228
228,Anthony Miller,WR,PIT,15.6,0,12,3.1,4.8,2.3,3.5,11.3,6.4,3.8,-,4.3,8.4,2.6,1.8,2,2.3,5.3,84.2,228
228,James Washington,WR,NO,10.4,3.7,6.1,-,4,14.8,0,0,8.2,4,1.7,2.9,15,10.4,0,3,0,5.3,84.2,230
230,Breshad Perriman,WR,IND,3.2,2.2,-,-,-,8.2,3.7,-,24.6,-,12.4,9.9,2.7,4.1,2.6,0.6,9.9,7,84.1,231
231,Irv Smith Jr.,TE,CIN,1.6,0.8,0,0,8.4,9.5,-,2.1,14,-,3.3,-,-,14.3,5.2,20.3,4,6.4,83.5,232
232,Danny Amendola,WR,FA,10.6,3.1,2.3,6.7,-,4.1,7.7,6.9,11.4,2.5,-,-,7.7,9.6,3.5,6.2,1.1,6,83.4,233
233,Jalen Guyton,WR,LAC,2.1,7.9,3.3,13.7,5,BYE,15.4,0.8,1.4,4.4,0.9,4.8,4.8,1.3,11.5,5.8,0,5.2,83.1,233
233,Boston Scott,RB,PHI,6.4,5.8,0.5,0.1,0.3,1.9,16.7,8.9,BYE,13.9,6.5,7.2,0.9,2.2,1.2,1.7,8.9,5.2,83.1,235
235,Brian Hill,RB,FA,3,3.5,14.5,3.3,6.4,2.4,4.5,7.4,2.4,-,1.8,5.5,1.8,2,1.7,7.6,15.1,5.2,82.9,236
236,Christian McCaffrey,RB,SF,27,22.8,-,-,-,-,-,-,32.1,-,BYE,-,-,-,-,-,-,27.3,81.9,237
237,Allen Lazard,WR,NYJ,16.2,6,23.4,-,-,-,-,-,-,BYE,2.8,10.3,6.5,2.9,8.1,2.4,2.7,8.1,81.3,237
237,Dan Arnold,TE,PHI,3.1,3.6,1.6,5.9,0,0,6.7,-,2.1,5.4,6.9,2.2,19.1,9.7,6.9,2,6.1,5.1,81.3,239
239,Randall Cobb,WR,NYJ,3.3,8.4,17.5,4.6,7.7,9.2,13.5,-,3.6,5.6,7.7,-,-,-,-,-,-,8.1,81.1,240
240,Alexander Mattison,RB,MIN,10,2.1,2.7,7.7,15.1,3.5,BYE,0.8,6.9,0.4,0.6,0.6,-,-,2,-,28,6.2,80.4,241
241,John Brown,WR,FA,16,16.2,0,6.2,-,0,-,2.6,13.9,10.2,-,-,-,-,-,-,15.2,8.9,80.3,242
242,Alex Smith,QB,FA,-,-,-,-,1.6,-,-,-,14,16,9.3,9.1,15.8,1.3,-,-,12.5,9.9,79.6,243
243,Kalen Ballage,RB,FA,-,2.7,7.7,2.1,-,-,-,-,15.4,12.7,10.6,-,5.4,2.5,7.1,3.6,9.6,7.2,79.4,244
244,Michael Pittman Jr.,WR,IND,2,5.7,4.1,-,-,-,BYE,1.1,7.6,15.7,14.1,3.8,7.1,5.5,2.9,5.3,4,6.1,78.9,245
245,Braxton Berrios,WR,MIA,0,14.9,14.4,0,1.3,2.3,5.5,7.4,1.8,-,0,0,4.3,6.4,1.9,13.5,5.1,4.9,78.8,246
246,Dallas Cowboys,DST,DAL,4,-3,0,-2,9,-3,2,13,2,BYE,5,1,1,18,15,10,6,4.9,78,247
247,Willie Snead IV,WR,SF,14.4,3.9,1.4,3,0,3.7,-,13.1,5.7,20.9,3.8,-,-,4.4,0,3.4,-,6,77.7,248
248,Devontae Booker,RB,FA,6.7,1,3.1,0,7.2,-,2.4,5.1,12.8,20.8,2.4,1,5.6,3.4,1.2,2.9,1.6,4.8,77.2,249
249,Chris Conley,WR,SF,1.1,6.8,4.9,5.9,6.8,1.1,9.3,-,8.7,6.3,1.8,-,0.2,0,7.8,4.2,12.2,5.1,77.1,250
250,Denver Broncos,DST,DEN,4,5,3,6,BYE,14,2,5,3,-4,12,4,1,10,-1,3,10,4.8,77,251
251,Carlos Hyde,RB,FA,8.3,4.7,2.8,-,-,-,15.1,-,-,-,16.5,3.9,2.6,6.6,13.3,3.1,-,7.7,76.9,252
252,Los Angeles Chargers,DST,LAC,11,3,4,4,3,BYE,7,3,2,1,8,9,-3,9,3,7,5,4.8,76,253
253,Odell Beckham Jr.,WR,BAL,3.7,15.4,7.9,35.9,8.9,3.5,0,-,-,-,-,-,-,-,-,-,-,10.8,75.3,254
254,Dwayne Haskins,QB,FA,12.8,11.7,12.2,18.9,-,-,-,-,-,-,-,-,-,0.8,16.6,2.2,-,10.7,75.2,255
255,KJ Hamler,WR,DEN,-,7.2,4.3,0,BYE,-,4.4,8.8,12,7,5.5,-0.8,3.9,21.6,0.9,0.3,-,5.8,75.1,256
256,Jake Elliott,K,PHI,5,7,14,5,3,0,4,1,BYE,4,6,4,6,7,2,5,2,4.7,75,257
257,Larry Fitzgerald,WR,FA,5.4,8.5,0.5,1.4,5.5,3.7,10.2,-,7.4,2.3,10.2,-,-,2,11,5.8,-,5.7,73.9,258
258,Gerald Everett,TE,LAC,1.2,0,4.4,5.7,11,4.2,10.8,5.7,-,3.7,4.7,2.6,7.4,1.4,3.8,2.3,3.5,4.5,72.4,259
259,Kyle Juszczyk,RB,SF,5.3,1.6,1.2,1.8,7.1,1.3,10.1,3.1,0.9,0.5,BYE,4.2,7.6,8.8,3.4,14.3,0.9,4.5,72.1,260
260,Atlanta Falcons,DST,ATL,-1,3,5,0,0,7,2,6,3,BYE,5,28,4,4,2,5,-1,4.5,72,261
261,Sony Michel,RB,FA,9.7,1.9,15,-,-,-,-,-,-,-,-,0,6.3,2.2,8.7,6.9,21.1,8,71.8,262
262,Jalen Reagor,WR,MIN,6,6.1,-,-,-,-,BYE,11.7,-,6.7,7.2,2.6,11,7.5,6.4,4.5,2,6.5,71.7,263
263,Henry Ruggs III,WR,FA,8.1,0.9,-,-,18.8,-,5.5,1.9,1,4.6,2.2,6.9,13.9,3.3,-,0.7,3.3,5.5,71.1,264
264,Keke Coutee,WR,FA,-,0.1,-,-,-,-,-,-,-,-,8,4.7,18.1,7.9,11.8,7.9,12,8.8,70.5,265
265,Duke Johnson Jr.,RB,FA,1.4,-,-,6,2.4,1.6,6.7,-,13.3,5.4,5,15.5,6.2,6.9,-,-,-,6.4,70.4,266
266,Cam Sims,WR,LV,0,0,0,2.7,0,8.7,2.7,-,12.5,7.4,3,0,11.7,1.8,5.1,7.8,6.8,4.4,70.2,267
267,Benny Snell Jr.,RB,FA,11.3,-1.4,1.1,-,1.9,8.6,6.2,0,0.1,1.2,7.5,10.8,2,1.4,18.2,0,1,4.4,69.9,267
267,Sammy Watkins,WR,FA,18,1.6,9.7,4.3,9.4,-,-,-,-,-,-,5.8,5.5,6.2,8,1.4,-,7,69.9,269
269,Joshua Kelley,RB,LAC,12,12.3,4.2,2.8,4.3,BYE,7.8,3,8.4,2.1,1.2,9.5,1.3,-,0.8,-,0,5,69.7,270
270,Tyron Johnson,WR,DAL,-,-,-,11.8,0.7,-,1,-,5.5,0,5.9,7.3,0.6,14.5,13.6,4.1,4.5,5.8,69.5,271
271,Jimmy Garoppolo,QB,LV,19.3,13.2,-,-,1.1,23.5,9.5,2.8,-,-,-,-,-,-,-,-,-,11.6,69.3,271
271,Trey Burton,TE,FA,-,-,-,2.6,5.8,19.9,-,8.6,1.1,3.9,9.5,11.7,1.6,0,1.3,3.3,0,5.3,69.3,271
271,Jakeem Grant Sr.,WR,CLE,4,0.7,5.3,5.1,-0.1,6.8,-,8,5.5,12.3,2.5,2.5,5.2,4.7,-,6.8,-,5,69.3,274
274,Golden Tate,WR,FA,-,7.2,6.1,4,6.2,1.6,10.4,10.8,-,5.4,-,5.6,5,4.4,2.3,-,-,5.8,69,275
275,New York Jets,DST,NYJ,7,4,0,8,2,6,5,-4,-1,BYE,8,9,5,-1,8,9,2,4.2,67,276
276,Le'Veon Bell,RB,FA,5.6,-,-,-,7.2,-,3.9,5.3,0.8,-,10.1,4.2,6.5,4.5,14.1,4.4,-,6.1,66.6,277
277,Matt Gay,K,IND,-,-,-,-,-,-,BYE,-,-,-,10,10,8,6,10,12,10,9.4,66,277
277,Tennessee Titans,DST,TEN,3,5,7,BYE,8,-2,6,-1,14,0,3,10,-2,8,6,-1,2,4.1,66,279
279,Preston Williams,WR,FA,5.1,5.1,7.7,4,18.6,8.8,-,2.5,14,-,-,-,-,-,-,-,-,8.2,65.8,280
280,Darren Fells,TE,FA,2.9,9.3,0,3.1,12.7,17.5,0,-,3.6,2,3.9,0,0,2,0,8.7,0,4.1,65.7,281
281,Mike Glennon,QB,FA,-,-,-,-,-,-,-,-,-,-,-,18,14.1,2.4,-,14.4,16.6,13.1,65.6,282
282,Jordan Akins,TE,CLE,10.9,9,3.8,6.1,-,-,-,-,2.9,1,10.8,0.4,2,3.5,7.5,5.9,1.4,5,65.2,283
283,Mo Alie-Cox,TE,IND,3,13.6,12.5,7.8,0,-,BYE,5.2,5.8,3.4,0.6,2.9,3.8,1.4,2.4,2.5,0,4.3,64.9,283
283,Tyler Eifert,TE,FA,1.3,11.1,2.1,3.2,3.1,0,-,-,6.8,2.5,4.2,9.1,7.5,3.2,6.6,2.7,1.5,4.3,64.9,285
285,Deebo Samuel,WR,SF,-,-,-,6,3.2,15,9.7,-,-,-,BYE,18.8,10.6,0.9,-,-,-,9.2,64.2,285
285,Anthony Firkser,TE,NE,1.5,6.5,0,-,3.4,21.3,1.7,4.6,3.4,1,5.3,0,7.6,1,2.5,1.6,2.8,4,64.2,287
287,Michael Thomas,WR,NO,3.2,-,-,-,-,BYE,-,-,7.6,3.7,14.9,7.1,15,12.4,-,-,-,9.1,63.9,288
288,Salvon Ahmed,RB,MIA,-,-,-,-,-,-,BYE,-,3.8,15.5,9.9,-,-,-,21.2,0.8,12.3,10.6,63.5,289
289,Phillip Lindsay,RB,FA,4,-,-,-,-,10.1,7.9,15.1,2.3,0.2,8.2,2,2.6,4.1,6,-,-,5.7,62.5,290
290,Kerryon Johnson,RB,FA,1.4,9.2,3.5,1.7,-,2.5,0,8.5,8,0.3,4.8,9.8,2.1,7.8,0,2.7,0,3.9,62.3,291
291,Samaje Perine,RB,DEN,0,0,0,0,0,0,1.1,9.9,-,6,2.6,0.7,0.7,5.1,1.4,27.6,5.1,3.8,60.2,292
292,Jordan Reed,TE,FA,2.2,20.5,3.3,-,-,-,-,-,0.8,8.7,-,2.8,10.7,2.3,8.8,0,-,6,60.1,292
292,Miles Boykin,WR,PIT,5.2,5.8,1.3,3.8,0,1.6,-,9,1.6,0,0,0,10.3,2,6.9,1.8,10.8,3.8,60.1,294
294,Minnesota Vikings,DST,MIN,-4,3,3,5,6,0,BYE,3,9,10,4,5,13,0,2,0,1,3.8,60,295
295,Zach Ertz,TE,ARI,9.3,6.7,10.5,4.9,1.1,5.3,-,BYE,-,-,-,-,4.1,1.8,7.9,4.8,3.1,5.4,59.5,296
296,Cordarrelle Patterson,RB,ATL,3.6,4.3,1.3,1,6,1.4,2.7,1.5,6,11.9,-,0.8,12.8,2.6,1.2,0,1.8,3.7,58.9,296
296,Drew Sample,TE,CIN,1.2,8,0.6,6.2,3.2,0,7.7,0,BYE,1.4,3.9,4,8.4,3.6,0.9,7.3,2.5,3.7,58.9,298
298,Richard Rodgers,TE,FA,0,0,2.5,5,2.3,4.6,11.5,0,-,8,11.8,12.8,0,0,0,-,-,4.2,58.5,299
299,Chris Herndon IV,TE,FA,4.7,1,3.6,1.6,3.4,0,0,-1.2,0,-,10.2,0,0,1.4,6.3,11.4,15.8,3.6,58.2,300
300,Joe Flacco,QB,FA,-,-,-,0.6,13.8,6.4,-,-,21.5,-,15.4,-,-,-,-,-,-,11.6,57.8,301
301,N'Keal Harry,WR,FA,4.4,11.2,4.6,9.6,-,0,1.1,-,-,0,6.6,-0.2,8.5,6.4,1.7,0.8,2.7,4.1,57.4,302
302,Quintez Cephus,WR,DET,5.8,6.9,0,0,BYE,-,-,-,4.1,1.5,1.4,3.7,13.3,2.6,4.1,1.4,12.1,4.4,56.9,303
303,Justin Jackson,RB,FA,0.4,-,-,3.1,11.9,-,8,15.7,0,-,-,-,-,3.4,-,0.4,12.9,6.2,55.8,303
303,Kenny Golladay,WR,FA,-,-,14.7,14.2,-,12.5,14.4,0,-,-,-,-,-,-,-,-,-,11.2,55.8,305
305,Jordan Wilkins,RB,FA,0,4,5,3.6,0.1,-0.1,-,19.8,4.8,2.8,4.1,7.2,2.8,1.2,0,0,-,3.7,55.3,305
305,Ty Johnson,RB,FA,0,0,-,-,-,4.2,0,2.6,0,-,3.7,0.9,18.7,1.6,14.5,1.3,7.8,4.3,55.3,307
307,Sam Sloman,K,FA,8,7,6,5,6,5,6,-,-,-,-,-,-,-,-,-,12,6.9,55,308
308,Dawson Knox,TE,BUF,3.6,2.1,-,2.6,2,-,-,-,0,2.6,BYE,6.7,10.7,3.4,10.6,6.6,3.9,4.6,54.8,309
309,Cameron Brate,TE,FA,0,0,0,6.8,6.9,0.8,1.3,4.5,0,10.6,3.8,5.4,-,1.4,7.4,3.7,1.6,3.4,54.2,310
310,Jacksonville Jaguars,DST,JAC,6,0,0,2,4,1,5,BYE,4,11,2,4,14,2,-1,-1,1,3.4,54,310
310,Sam Ficken,K,FA,5,8,1,18,4,0,-,-,-,-,2,-,-,-,11,5,-,6,54,312
312,Brandon Allen,QB,SF,-,-,-,-,-,-,-,-,-,-,BYE,7.1,9.4,13.9,-,23.1,0.1,10.7,53.7,313
313,Jacob Hollister,TE,FA,1.4,0,8.6,0,0,-,3.7,1.1,8.5,1.1,2.4,2.1,3.5,2.5,8.7,8.7,1.1,3.3,53.4,314
314,Peyton Barber,RB,FA,14.9,0.1,0.6,0.5,0,1.5,3.4,-,0,1.9,2.8,5.7,8.3,4.8,6.5,1,1,3.3,53,315
315,Richie James Jr.,WR,KC,0,-,-,-,-,0,0,-,28.9,2.1,-,3.4,0,4.8,5.6,0,8.1,4.8,52.9,316
316,Jack Doyle,TE,FA,6.4,-,0,1.7,0,8.4,-,8.8,0,-,7.1,0,1.7,5.9,2.4,7,3.2,3.8,52.6,317
317,C.J. Beathard,QB,JAC,-,-,-,5.5,5.8,-,-,BYE,-,0,-,-,-,-,8,19.1,13.9,8.7,52.3,318
318,Donovan Peoples-Jones,WR,CLE,-,-,-,0,0,0,13.1,0,BYE,2.6,0,0,16.2,10.9,7,-,1.6,4.3,51.4,318
318,Kyle Rudolph,TE,FA,3.8,0,8.1,3.7,1.5,6.2,-,1.7,5.5,6.3,4.3,10.3,0,-,-,-,-,4.3,51.4,320
320,Marvin Hall,WR,FA,3.1,8.9,0,0,-,1.2,0,13.3,4.3,13.1,3.1,2.6,-,-,-,1.7,-,4.3,51.3,321
321,DaeSean Hamilton,WR,FA,2.3,1,0,1.4,-,0,3.6,16.2,2.2,9.3,0,0,0,1.8,0,10.2,2.8,3.2,50.8,322
322,Collin Johnson,WR,NYG,1.9,0,0.8,0,10.5,0,1.8,-,1.4,0,0,17.6,10.6,4.3,1.3,-,-,3.6,50.2,323
323,Mark Ingram II,RB,FA,2.9,14.7,3,10.2,5.7,2,-,-,-,3.9,0.2,-,3.4,0,-,-,3.9,4.5,49.9,324
324,Harrison Bryant,TE,CLE,1,1.9,6.8,5.7,0,1.6,19.6,2,BYE,0,0,-0.2,0,3.3,2.9,5.2,-,3.3,49.8,325
325,Denzel Mims,WR,NYJ,-,-,-,-,-,-,6.2,5.2,8.2,BYE,8.6,8.7,7,-,3.3,0,2,5.5,49.2,326
326,Will Dissly,TE,SEA,1.8,1.4,1.5,2.5,8.4,BYE,4.8,2.2,3.1,2.1,1.5,0,4.8,9.3,0,3.2,2.5,3.1,49.1,327
327,Ito Smith,RB,FA,2.1,2,0,4.2,0.6,3,0,-,-,-,0.5,15.5,3.9,5,4.3,5.6,2.1,3.5,48.8,328
328,DeeJay Dallas,RB,SEA,-,-,0,3.3,0,BYE,2.8,20.3,10.9,4.1,4.2,0,2.1,0.7,0,-,-,4,48.4,329
329,Cole Kmet,TE,CHI,0,1.7,0,0,0,9,5.5,0.7,0,1.2,BYE,1.3,12.2,6.1,2.2,2.5,5.6,3,48,330
330,Dion Lewis,RB,FA,0.1,13.6,1.5,2.8,1.1,1.5,0.3,7.8,3.1,2.7,-,2.2,0.6,5.4,2.8,1.5,0.7,3,47.7,331
331,La'Mical Perine,RB,KC,-,1.7,3.3,1.5,0,4.6,12.6,4.3,4.8,BYE,9.3,-,-,-,-,4.9,-,4.7,47,332
332,Adam Humphries,WR,FA,7.7,13.3,6.1,-,-,15.4,2.4,0,-,-,-,-,1.4,-,-,-,-,6.6,46.3,333
333,Kyle Allen,QB,BUF,-,-,-,-,9.7,17,16.9,-,2.5,-,BYE,-,-,-,-,-,-,11.5,46,334
334,Durham Smythe,TE,MIA,0,0,1.2,4,-,6.9,BYE,2.6,2.4,7.9,0,3.4,2.6,2.9,6.5,1.6,3.8,3.1,45.8,335
335,Julian Edelman,WR,FA,10.5,21.9,3.2,5,-,3.3,1.8,-,-,-,-,-,-,-,-,-,-,7.6,45.7,336
336,Darrel Williams,RB,FA,4,1.7,1.7,0.2,4.4,10.6,0,3.1,0.8,-,3.7,0,4.8,0,0.5,9.3,0.7,2.8,45.5,337
337,Cincinnati Bengals,DST,CIN,3,-2,7,5,3,4,-2,4,BYE,-4,5,9,3,2,8,2,-2,2.8,45,337
337,Houston Texans,DST,HOU,0,4,1,2,9,4,-2,BYE,4,5,3,16,3,-1,1,-4,0,2.8,45,339
339,Andy Isabella,WR,BAL,0,7.7,18.1,1.3,4,0,1.2,-,2,1.9,1.1,5.3,1.7,-,-,-,0,3.4,44.3,340
340,Steven Sims Jr.,WR,HOU,6.5,4.8,0,-,-,-,-,BYE,0.9,7.1,8.8,1.3,3.7,1,1.6,5.2,2.9,3.7,43.8,341
341,Olamide Zaccheaus,WR,PHI,0,1.5,6.1,12.6,1.8,0,0,0,18.3,-,1.5,1.6,-,-,-,-,-,3.9,43.4,342
342,Cedrick Wilson Jr.,WR,MIA,0,0,25.2,4.9,8.6,2,0,-1.1,1.1,-,1.2,-0.1,0,0,0.5,0,0.8,2.7,43.1,342
342,Devin Duvernay,WR,BAL,1.7,2.4,7.7,0.9,6.9,4.6,BYE,4.4,-0.1,6,1,3.5,0.7,0,0,1.2,2.2,2.7,43.1,344
344,Las Vegas Raiders,DST,LV,0,2,3,0,4,BYE,-4,9,4,16,-2,-1,8,-4,0,3,5,2.7,43,345
345,David Njoku,TE,CLE,12.5,-,-,-,1.1,1.2,9,2.4,BYE,0,0,0,1,6,2.7,4.6,2.3,3.3,42.8,346
346,Greg Olsen,TE,FA,10.4,0,8.6,6,2.5,-,2.8,0,2.3,4.3,3,-,-,-,-,2,-,3.8,41.9,347
347,Jalen Richard,RB,FA,2,8.6,3.7,2.6,5,-,2.4,2.3,2.7,0,-,-,2.2,6.1,1.2,2.8,-,3.2,41.6,347
347,Isaiah Ford,WR,FA,2.3,11.1,2.4,6.8,3.3,0,-,1.5,-,-,-,-,-,-,3.3,5.7,5.2,4.2,41.6,349
349,James O'Shaughnessy,TE,FA,0.5,6,4.4,3.1,3.5,0,4.7,-,1.4,0,-,2.7,6.1,2.4,1.1,2.8,1.5,2.7,40.2,350
350,Chad Beebe,WR,FA,-,-,1.2,0,1.6,2.3,-,2.1,0,2.6,0,13.8,2,0,3.1,0,11.4,2.9,40.1,351
351,Ross Dwelley,TE,SF,0,1,6.9,0,0,0,0,8.1,6.7,2.7,BYE,0.8,3.9,3,3.8,0,3.1,2.5,40,352
352,Lynn Bowden Jr.,WR,FA,-,0.4,-,0.5,0.4,0,-,-,-,-,-,0,7.2,11.9,7.6,2.6,9,4,39.6,353
353,AJ Dillon,RB,GB,1.4,1.7,0,0.3,BYE,3.1,1.1,4.2,-,-,-,-,-,0,1.8,25.4,0.3,3.6,39.3,354
354,Alfred Morris,RB,FA,-,-,-,-,-,-,-,2.8,7.6,3.4,-,0.8,17,0.7,3.9,1.8,1.2,4.4,39.2,355
355,Aldrick Rosas,K,FA,-,-,-,15,-,-,-,-,-,-,-,9,-,6,2,5,2,6.5,39,355
355,Adam Shaheen,TE,FA,0,0.9,0,0,6.8,12.6,-,0,0,2.4,0,7.2,0,3.6,2,0.8,2.7,2.4,39,357
357,Donald Parham Jr.,TE,LAC,-,-,-,8.4,0,BYE,8.7,0,0,1.8,0,0,3.1,0,0,5.7,11.2,3,38.9,358
358,Chad Hansen,WR,FA,-,-,-,-,-,-,-,-,-,-,-,-,12.6,9.1,12.5,1.3,2.6,7.6,38.1,359
359,Jeremy McNichols,RB,FA,0,0.7,1,-,3.6,7.2,0.2,4.9,1,3.9,0.7,2,9.2,1.4,1,1.1,0,2.4,37.9,360
360,DeSean Jackson,WR,FA,5.6,9.4,2.1,-,-,-,6.1,-,-,-,-,-,-,-,-,14.6,-,7.6,37.8,361
361,Deonte Harty,WR,BUF,3.1,4.9,1.5,2.5,-,-,12.6,3.2,4.5,2.4,3,-,-,-,-,-,-,4.2,37.7,362
362,Matt Breida,RB,NYG,2.2,4.4,0.4,6.3,6.4,3.2,-,1.3,-,-,0.4,4.3,-,-,8.6,0,0,3.1,37.5,363
363,Van Jefferson,WR,LAR,3.6,6.4,0,0,0,1.3,1.9,3.3,BYE,2,7.2,0,4.7,0,0,0,7,2.3,37.4,364
364,Dontrelle Inman,WR,FA,3.1,2.7,17.3,4.9,0.3,7,0,-,-,-,-,2,0,-,-,-,0,3.7,37.3,365
365,Tyler Kroft,TE,MIA,0,0,16.4,1.7,0,1.2,8.4,1.6,6.6,-,-,-,-,-,-,0,-,3.6,35.9,366
366,Mohamed Sanu Sr.,WR,FA,-,0,1.4,0,-,-,-,-,-,-,0,13.2,4.6,4.7,5.8,3.2,2.6,3.6,35.5,367
367,Pharaoh Brown,TE,IND,-,-,0,0,0.9,3.8,0,-,0,9.1,3.2,0,0,-,1.6,3.4,13.3,2.7,35.3,368
368,Detroit Lions,DST,DET,1,-3,7,0,BYE,6,4,0,4,4,6,0,5,-1,-1,4,-1,2.2,35,369
369,Tyler Johnson,WR,LAR,-,-,0,0,8.1,7.2,7.4,4.5,1.6,0,0,0,-,0,0,4,2.1,2.5,34.9,369
369,Tyler Conklin,TE,NYJ,0,0,0,0,0,0,-,0,0,2.1,0,1,1.5,6.5,13.2,5.1,5.5,2.2,34.9,371
371,Byron Pringle,WR,FA,0,0,0,-,2.8,5.6,6,3.7,0,-,3.2,-,-,-,0,0,13.2,2.9,34.5,372
372,Freddie Swain,WR,MIA,2.2,8.6,1.8,4.2,2.4,-,0,0,0,5.2,0,0,0,9.2,0.8,0,0,2.2,34.4,373
373,Jake Luton,QB,FA,-,-,-,-,-,-,-,-,22.5,9.8,2,-,-,-,-,-,-,11.4,34.3,374
374,Marcedes Lewis,TE,FA,0,0.9,8.3,-,-,0,1.4,0,6.6,0,1.3,8.6,4.1,1.1,0,0,1.4,2.2,33.7,375
375,Josh Adams,RB,FA,9.2,0,-,-,-,-,-,-,-,-,-,0.1,7.4,4,0,0,12.9,4.2,33.6,376
376,Isaiah Wright,WR,FA,0,-,5,4.9,0.8,4.6,-,-,2.5,8.9,1.2,0,1,1.4,2.5,0,0,2.3,32.8,377
377,Chris Thompson,RB,FA,1.6,10.2,6.3,0,5.7,3,-,-,5.8,0,-,-,-,-,-,-,-,4.1,32.6,378
378,Devonta Freeman,RB,FA,-,-,1,8.8,15.7,6.2,0.8,-,-,-,-,-,-,-,-,-,-,6.5,32.5,378
378,Marcus Johnson,WR,FA,-,-,-,3.2,6.8,13.3,-,4.9,2.4,0,1.9,0,0,0,0,-,-,3,32.5,380
380,O.J. Howard,TE,LV,11.6,1.6,6.4,12.5,-,BYE,-,-,-,-,-,-,-,-,-,-,-,8,32.1,381
381,Jeff Driskel,QB,ARI,-,19.7,11.4,0.9,-,-,-,BYE,-,-,-,-,-,-,-,-,-,10.7,32.1,382
382,Rodney Smith,RB,FA,-,-,-,-,-,-,-,-,-,2,2.9,1.8,-,3.4,6.2,4.8,10.9,4.6,32,383
383,Jesse James,TE,NO,0,0,10.3,3.6,-,0.8,0,2.8,0.5,1.9,0.8,1.5,7.4,0,1.6,0,0.7,2,31.9,384
384,Marquez Callaway,WR,DEN,-,0,0,2.1,5.4,-,11.5,-,2.1,0,0,0,-,-,-,4.1,6.6,2.9,31.8,385
385,Royce Freeman,RB,FA,1.7,2,4.5,2.2,-,3.5,2.2,0,0,3.6,0,5,0,0,0.4,3.3,2.7,1.9,31.1,386
386,Bryan Edwards,WR,NO,1.4,5.2,5.8,-,-,BYE,-,-,0,2.1,0.6,2,0,0,0,1.6,12.1,2.6,30.8,387
387,Adam Trautman,TE,DEN,0,2.2,2.7,0,BYE,-,0,0,11.4,0,2.4,1.3,2.4,1.7,0,5.5,1,2,30.6,388
388,Ian Thomas,TE,CAR,2.6,0,1.4,7.5,0,1.4,1.6,4.3,1.3,1.2,0,0.9,BYE,3.5,4.4,0,0.4,1.9,30.5,389
389,Nick Boyle,TE,FA,1.3,1.6,7,1.4,0.7,10.8,-,0,6.6,0.9,-,-,-,-,-,-,-,3.4,30.3,390
390,Jordan Howard,RB,FA,6.7,6.4,6.1,0.4,-,-,-,-,7.9,-,-,-,1.9,-,-,0.8,-,4.3,30.2,391
391,Mike Nugent,K,FA,-,-,-,-,-,-,-,-,-,-,-,-,-,14,8,7,1,7.5,30,392
392,Darwin Thompson,RB,FA,0,2.1,-0.9,-,0,1.7,-,0.3,0,-,0,0,0,0,-,0,26.5,2.3,29.7,393
393,Mack Hollins,WR,ATL,0,0,0,0,0,0,-,0,7.6,0.6,1.4,2.9,1.2,9.1,2.8,5.2,-1.2,1.9,29.6,394
394,Zay Jones,WR,JAC,0,8,4.7,5.2,0.7,-,0,0,0,1.1,2.3,0.8,0,1.2,1.4,0,4.2,1.8,29.6,395
395,Foster Moreau,TE,NO,0,3.6,9.5,1.3,0,BYE,0,0,0,0,0,0,0,11.2,2.7,0,1.2,1.8,29.5,396
396,Travis Homer,RB,CHI,1.3,2.1,1.9,7.3,1.4,-,1,0.4,9.5,3.4,BYE,-,-,-,-,-,-,3.1,28.3,397
397,Josh Lambo,K,FA,12,6,-,-,-,-,1,-,9,-,-,-,-,-,-,-,-,7,28,398
398,Bisi Johnson,WR,FA,7.1,2.9,0,0,1.8,0,-,0,0,0,1.4,12.9,0,0,0,1.8,0,1.7,27.9,399
399,JaMycal Hasty,RB,JAC,-,-,2.3,0,0,3.7,7.8,9.6,2.3,1.9,-,-,-,-,-,-,-,3.5,27.6,400
400,Austin Seibert,K,FA,0,-,-,-,-,-,-,-,-,-,-,-,-,1,9,14,3,5.4,27,401
401,Marcus Mariota,QB,PHI,-,-,-,-,-,-,-,-,BYE,-,-,-,-,-,26.8,-,-,26.8,26.8,402
402,Ameer Abdullah,RB,LV,0,0,0,0,0,1.3,-,0,8.7,0,0,0,3.4,3.1,0,1.3,8.2,1.6,26,403
403,Kenny Stills,WR,FA,0,2.6,5,10.9,1.9,0,4.4,-,0,1.1,0,-,-,-,-,-,-,2.6,25.9,404
404,Jason Witten,TE,FA,0.7,0.8,0,8.8,1.6,-,1.1,3.1,0.5,0,6.6,0,0,0,0,2.2,0,1.6,25.4,405
405,Jeff Smith,WR,NYG,-,-,-,11.6,3.8,1.3,0,4.4,0,-,1,1.2,-,1.9,0,0,0,2.1,25.2,406
406,Dare Ogunbowale,RB,HOU,-,0,0,0,0,0,0,BYE,0,1,0,-,0.7,1.7,3,9.3,9.2,1.8,24.9,407
407,KeeSean Johnson,WR,BUF,-,-,3.4,-,1,-,-,-,-,-,BYE,1.2,4.7,1.4,4.8,6,2.3,3.1,24.8,408
408,Ryan Izzo,TE,FA,3,2.9,0,0,-,3.3,1.3,3.4,0,2.5,6.9,0,1.1,-,-,-,-,2,24.4,409
409,Cameron Batson,WR,FA,-,4.7,0,-,-,1.8,-,-,1.1,1.8,3.5,0.5,8.9,0,0,1.7,0,2,24,410
410,Mike Thomas,WR,BAL,2.7,11.1,1.9,1,-0.8,1.5,6.4,0,-,0,-,-,0,0,0,0,0,1.7,23.8,410
410,John Hightower,WR,LAC,0.3,0,2.9,3.2,4.8,5.5,6.4,0,-,0,0,0.6,0,-,-,-,0.1,1.8,23.8,412
412,Chad Henne,QB,FA,-,-,-,-,-,-,6.3,0.7,-,-,-,-,-,-,-,-,16.7,7.9,23.7,413
413,Brandon Powell,WR,MIN,0,0,4.2,0,0,0,0.9,0,7.8,-,0.3,7.4,1.4,1.4,1.5,-1.3,-,1.6,23.6,413
413,Albert Okwuegbunam,TE,DEN,-,-,-,-,BYE,5.5,9.5,7.4,1.2,-,-,-,-,-,-,-,-,5.9,23.6,415
415,KhaDarel Hodge,WR,ATL,1.7,4.9,0,-,-,-,-,0,-,0,8.8,4.6,-,-,0,-,3.5,2.6,23.5,416
416,Alec Ingold,RB,MIA,0,7.5,1.6,3.8,3.5,-,2.6,0.3,1.1,0,1.6,0,0.7,0.5,0.2,0,0,1.5,23.4,416
416,Jace Sternberger,TE,FA,0,0,5.1,0,-,0,6.8,6.1,0.6,0,3.8,1,0,-,-,-,-,2,23.4,418
418,Gunner Olszewski,WR,PIT,-,-,-,1.6,-,0,0,0.6,2,0,0,0.1,16.3,0,0,0,2.4,1.8,23,419
419,Kalif Raymond,WR,DET,0,0,13,-,3.6,4.7,0,1.6,0,0,0,0,0,0,-,0,0,1.5,22.9,420
420,Noah Brown,WR,HOU,0,3.8,1.4,6.3,0,2.5,0,0,0,-,1.1,0,5.5,0,2.2,0,0,1.4,22.8,421
421,Jamal Agnew,WR,JAC,0,0.5,3.2,0.8,-,2.7,0,1.1,-,-,2.5,0,3.4,2,2.5,6,-2,1.6,22.7,422
422,Nick Vannett,TE,FA,-0.1,0,-,1.2,-,1.2,3.5,0,1.6,0,3.4,0,1.7,10,0,0,0,1.5,22.5,423
423,Ray-Ray McCloud III,WR,SF,0,0,0,-,9,0,2.2,1.1,2.6,1.3,4.3,-0.7,1.4,0,0.3,0,0.7,1.4,22.2,424
424,Auden Tate,WR,ARI,0,-,3.9,2,1.7,-,0,10,-,3.4,1,0,-,-,-,-,-,2.4,22,425
425,Equanimeous St. Brown,WR,CHI,-,-,-,-,-,0,0,1.7,0,0,2.8,5.6,1.2,2,0,8.6,0,1.8,21.9,426
426,C.J. Ham,RB,MIN,0,0.4,1.6,0.2,0,0,BYE,0.2,0,1.3,0,1,7.7,3.7,0,-,5.4,1.4,21.5,427
427,Ryan Finley,QB,FA,-,-,0,-,-,-,-,-,-,-,2.1,-,0.6,0.2,18.3,-,-,4.2,21.2,428
428,Matthew Wright,K,FA,-,-,-,-,-,-,-,-,-,-,-,-,5,-,-,4,12,7,21,429
429,Antonio Williams,RB,FA,-,-,-,-,-,-,-,-,-,-,-,-,-,-,-,-,20.8,20.8,20.8,429
429,Ke'Shawn Vaughn,RB,TB,-,0,-,9.6,-0.5,4.2,0,0,-,-,-,-,BYE,-0.3,0.4,7.4,0,2.1,20.8,431
431,LeSean McCoy,RB,FA,0.7,4.6,3.4,1.1,-,1.2,-,-,-,0,-,0,-,4,4.7,1,-,2.1,20.7,432
432,Tyler Ervin,RB,FA,4.9,0.9,2.3,1.3,-,-,-,1.2,9.2,0.8,-,-,0,-,-,-,-,2.6,20.6,432
432,Christian Blake,WR,FA,0,0,0,6.2,0,1,0,2.4,4.6,-,3.8,2.2,0,0,0.4,0,0,1.3,20.6,432
432,Alex Collins,RB,FA,-,-,-,-,-,-,-,-,0.5,11.2,-,-,-,-,-,-,8.9,6.9,20.6,435
435,Jacoby Brissett,QB,WAS,0,-,0.7,-,-,-,-,BYE,0,6.2,0.9,12.3,0.1,-0.2,0.2,0.1,0.3,1.9,20.6,436
436,Alshon Jeffery,WR,FA,-,-,-,-,-,-,-,-,-,0,0,2.5,0,8,7.3,2.7,-,2.9,20.5,437
437,Kaden Smith,TE,IND,2.7,0.9,1.8,1.5,1.2,3,0,1.1,1.3,2.2,-,-,0.8,1.1,0.5,0,2.1,1.3,20.2,437
437,Maxx Williams,TE,FA,0,-,-,-,-,-,-,-,6.9,0,3.9,2,0,2.7,4.7,-,0,2.2,20.2,437
437,Malcolm Perry,WR,FA,-,-,-,-,-,-,-,1,0,3.7,3.8,1.3,-,1,0.4,0,9,2.2,20.2,440
440,Quez Watkins,WR,PHI,-,-,-,-,0,0,-,-,BYE,-,-,-,-,0.8,11.5,6.7,1.1,3.4,20.1,441
441,Chase McLaughlin,K,TB,-,-,-,-,-,-,-,-,-,10,4,-,4,-,-,-,2,5,20,442
442,Laquon Treadwell,WR,BAL,-,-,-,-,-,-,BYE,-,-,-,-,-,0,7.4,1.9,8.1,2.5,4,19.9,443
443,Anthony McFarland Jr.,RB,PIT,-,-,5.4,BYE,0.6,1.3,0.6,0.1,3.2,-,0.3,3.1,1.5,-,1.9,-,1.7,1.8,19.7,444
444,D'Ernest Johnson,RB,JAC,0.5,0,0,9.5,4.1,0.1,0.3,1.6,-,0,0,0,1,0,2.4,0,0,1.2,19.5,445
445,MyCole Pruitt,TE,FA,6.6,0,2.6,-,-,-,0,0,0,-,-,-,8.7,0,1.5,0,0,1.8,19.4,446
446,Mason Rudolph,QB,PIT,-,-,-,BYE,-,-0.1,-,-,0.1,0,-0.4,-,-,-,-,-,19.7,3.9,19.4,447
447,Colt McCoy,QB,ARI,-,-,-,-,-,-,-,BYE,-,-,-,1.9,9.4,-1.3,9.1,-,-,4.8,19.2,447
447,Darrell Daniels,TE,FA,0,0,3.4,0,4.7,0.6,0,-,8.6,0,-,-,-,-,0.7,1.2,0,1.6,19.2,447
447,Trayveon Williams,RB,CIN,-,-,-,-,-,-,0,0,BYE,2.2,0,1.6,0,5.8,0.8,0.6,8.2,1.9,19.2,450
450,Geoff Swaim,TE,FA,-,-,-,-,0,2,0,-,-,0,1.4,4.5,0,10.9,-,0,0,1.9,18.8,450
450,Chris Hogan,WR,FA,0.5,10.5,0,4.3,3.5,-,-,-,-,-,-,-,-,-,-,-,-,3.8,18.8,452
452,C.J. Uzomah,TE,NYJ,6.5,12.2,-,-,-,-,-,-,-,BYE,-,-,-,-,-,-,-,9.4,18.7,453
453,Corey Clement,RB,ARI,3.1,0,0.8,0.3,0,0,2.6,3.3,-,6.5,-,0.6,0,0,0,0,1.3,1.2,18.5,454
454,Troy Fumagalli,TE,SF,-,-,-,-,-,-,-,-,-,2.2,0,0,0,7.3,0,0,8.5,2.3,18,455
455,Gabe Nabers,RB,FA,0,0,0,1.4,0,-,0,6.7,6.9,1.4,0,0,0,0.3,0,0,1,1.1,17.7,456
456,Lee Smith,TE,FA,-,-,6.6,-,-,0,-,0,-,0,-,0.8,0,0,0,10.1,0,1.8,17.5,456
456,DeMichael Harris,WR,FA,-,-,-,-,-,4.4,-,-,7.5,2.6,2.5,0.8,-0.3,-,-,0,-,2.5,17.5,458
458,Vance McDonald,TE,FA,0.8,0.8,5,-,0.9,0,2.4,0,0.7,-,-,0,0,0,0,1,5.8,1.2,17.4,459
459,Patrick Laird,RB,TB,1.9,0,0,0,0,0.7,-,0,2.1,1.9,1.3,-1.1,3.2,2.8,4.2,0,0,1.1,17,460
460,Ryan Nall,RB,FA,0,0.7,0,0,0,0,-,0.7,11.5,2.3,-,1.5,0,0,0,0,0,1.1,16.7,460
460,Blake Bell,TE,KC,0,4.4,0,3.4,1.8,0,0,0,0.1,BYE,1.8,0,0.7,1.6,1.7,1.2,0,1,16.7,462
462,Alex Erickson,WR,FA,0,0,0,2.1,0,0,0,0,-,-2,1.5,-0.4,2.7,-0.6,0,11.8,1.5,1,16.6,463
463,D'Onta Foreman,RB,CHI,-,-,-,-,-,-,-,3.7,1.1,8.8,0.1,2.8,0,-,-,-,-,2.8,16.5,464
464,Malik Taylor,WR,NYJ,0,0,0,2.5,-,0,7.6,3.1,0.9,0,0,0,1.9,-,0,0,0,1.1,16,465
465,Jarrett Stidham,QB,DEN,-,-,-,4.7,BYE,-,1.9,-,-,-,-,-,6.2,1.4,-,1.8,-,3.2,15.9,465
465,C.J. Board,WR,FA,2.7,4.7,1.4,0.3,0,1.3,-,-,1.5,0,-,1.6,0.3,0,0,2.1,0,1.1,15.9,467
467,Troymaine Pope,RB,FA,-,-,-,-,0,-,0.6,12,-,0,2.6,0.6,-,-,-,-,-,2.6,15.8,468
468,Reggie Bonnafon,RB,FA,-,-,1.6,14.1,-,-,-,-,-,-,-,-,-,-,-,-,-,7.9,15.7,468
468,T.J. Yeldon,RB,FA,-,-,1.8,0,13.9,-,-,-,-,-,-,-,-,-,-,-,-,5.2,15.7,470
470,Garrett Gilbert,QB,FA,-,-,-,-,-,-,-,-,15.5,-,-,-,-,-,-,-,0,7.8,15.5,471
471,Blaine Gabbert,QB,KC,-,-,-,-,-,0.2,-,-,-0.1,0,-,-,-,-,-,15.2,-,3.8,15.3,471
471,Brett Rypien,QB,LAR,-,-,1.1,14.2,-,-,0,-,BYE,-,-,-,-,-,-,-,-,5.1,15.3,473
473,Darrynton Evans,RB,FA,-,-,0.9,-,1.2,-,-,-,-,-,-,-,-,-,12.7,0.3,0,3,15.1,474
474,DeAndre Washington,RB,FA,-,-,-,-,-,-,1.2,-,-,0.2,-,7,-,6.2,-,-,-,3.7,14.6,474
474,Stephen Anderson,TE,FA,0,0,0,0,0,-,0,0,0,0,0,0,1.1,0,0,6.8,6.7,0.9,14.6,474
474,Josh Hill,TE,FA,0,2.1,0,1.2,0.6,-,0.5,1.2,8.4,0,-,0,0,0.6,0,0,-,1,14.6,477
477,Tarik Cohen,RB,FA,5.7,3.2,5.6,-,-,-,-,-,-,-,-,-,-,-,-,-,-,4.8,14.5,478
478,Ty Montgomery,RB,NE,-0.4,3.5,-,-,BYE,-,-,-,-,0,0,-,-,-,-,0,11.2,2.4,14.3,479
479,Chase Daniel,QB,FA,-,-,-,-,-,-,-,-,7.3,-,-,-,-,1.2,2.3,3.4,-,3.5,14.2,480
480,Javon Wims,WR,ARI,6.6,2.7,0,0,0,0,1.3,1.4,-,-,-,-,1.8,0.2,0,0,0,1.1,14,481
481,Mike Boone,RB,HOU,0,0,0,0,1.9,1,-,0,0,0,0,0,0,1.7,0,6.4,2.9,0.9,13.9,482
482,John Wolford,QB,TB,-,-,-,-,-,-,-,-,-,-,-,-,BYE,-,-,-,13.8,13.8,13.8,483
483,Dante Pettis,WR,CHI,0,0,0,0,-,-,-,-2,-,-,BYE,-,-,-,-,4.3,11.3,1.9,13.6,483
483,Trent Taylor,WR,CIN,1.7,2,2.5,0,0,1.3,0,4.7,1.4,0,-,0,-,-,0,-,-,1.1,13.6,485
485,P.J. Walker,QB,CHI,-,-,-,-,-,-,-,0.1,-,0.5,12.1,-,-,-,-,-,0.8,3.4,13.5,485
485,Jakob Johnson,RB,LV,0,6.6,1.1,0,-,0,0.6,0,1.6,3,0,0,0.6,0,0,0,0,0.8,13.5,487
487,Ryan Griffin,TE,FA,0,0,0,2.5,0,2.7,0,0,3.8,-,0,0,4.1,0,0,-,0,0.9,13.1,488
488,Justin Watson,WR,KC,1.1,5.8,-,6,-,0,0,0,-,0,0,0,-,0,-,-,0,1.2,12.9,488
488,Patrick Ricard,RB,BAL,-0.7,6.6,0,0,1.2,0,BYE,0,0,0.7,1,-,2.1,0,2,0,0,0.9,12.9,490
490,Austin Mack,WR,FA,-,-,-,-,-,0.6,0,0,9.2,1.4,-,0,0,0,0,0,1.4,1.1,12.6,491
491,Virgil Green,TE,FA,1.5,0,0,0,1.9,-,9.1,-,-,-,-,-,-,-,-,-,-,2.1,12.5,491
491,J.J. Arcega-Whiteside,WR,ATL,0,0,0,-,4.2,2,1.3,0,-,BYE,-,-,-,-,-,-,5,1.6,12.5,493
493,Saquon Barkley,RB,NYG,9.6,2.8,-,-,-,-,-,-,-,-,BYE,-,-,-,-,-,-,6.2,12.4,494
494,Lil'Jordan Humphrey,WR,DEN,-,-,-,-,BYE,-,-,-,-,-,-,-,-,-,9.9,0,2.2,4,12.1,494
494,Keith Smith,RB,ATL,0,0.8,0.8,0.9,0.1,0.8,0,0,0.1,BYE,0.9,0,0,0.6,4.7,2.4,0,0.8,12.1,496
496,Tristan Vizcaino,K,DAL,-,-,-,-,-,-,-,-,-,BYE,-,-,-,-,-,-,12,12,12,496
496,Diontae Spencer,WR,NYJ,0,0,1.2,0,-,0.9,-,-,-,0,0,-,-,6,0,2.4,1.5,1.1,12,498
498,Jaylen Samuels,RB,FA,0.8,0.9,0.1,-,0,0,0.5,0,0,0,-,-,2.7,4.8,2.1,0,0,0.9,11.9,498
498,J.J. Taylor,RB,NE,3.7,-0.1,4.3,-,BYE,-,-,-,-,-,-,-,-,-,0.2,3.8,0,2,11.9,500
500,Parris Campbell,WR,NYG,11,0.7,-,-,-,-,-,-,-,-,BYE,-,-,-,-,-,-,5.9,11.7,501
501,Taylor Heinicke,QB,ATL,-,-,-,-,-,-,-,-,-,BYE,-,-,-,-,-,11.7,-,11.7,11.7,502
502,Devin Asiasi,TE,CIN,0,0,0,-,-,0,-,-,BYE,-,-,-,-,0,0,0,10.9,1.4,10.9,503
503,Tevin Coleman,RB,FA,2.9,5,-,-,-,-,-,2,-,-,-,-,-1.1,0,1.1,0.8,0,1.3,10.7,504
504,Justice Hill,RB,BAL,-,-,-,0,-,0,BYE,0,0,0.8,0,5,0.9,0.4,1.3,0,2.1,0.9,10.5,505
505,Matt Barkley,QB,BUF,-,-,-,-,0.9,-,-,-,-,-,BYE,0,-,-,0,0.1,9.3,2.1,10.3,506
506,C.J. Prosise,RB,FA,-,0,0.1,0,0,0,0,-,-,0.3,2.2,5.9,-,1.7,-,-,-,1,10.2,507
507,Pharoh Cooper,WR,FA,0,0,0,0,1.7,0,0,0,0,0,0,0,-,6.7,0,0,1.4,0.6,9.8,507
507,Luke Stocker,TE,FA,0,0,1.1,0,0.7,0,0,0,1.7,-,0,0,0,0,3.1,1.4,1.8,0.6,9.8,509
509,Dominique Dafney,TE,TB,-,-,-,-,-,-,-,-,-,-,-,-,0,0,0,1.8,7.8,1.9,9.6,510
510,Artavis Pierce,RB,FA,-,-,-,-,-,0,-,-,0,0.9,-,-,-,-,-,8.6,-0.1,1.9,9.4,511
511,Jaydon Mickens,WR,NYG,0,0,0,0,3.2,0,0,6.1,0,-,BYE,-,-,-,-,-,0,0.9,9.3,511
511,Trace McSorley,QB,NE,-,-,-,-,BYE,-,-,-,-,-,-,8.7,-,0.6,-,-,-,4.7,9.3,511
511,Tyrie Cleveland,WR,PHI,1.2,-,0,0,-,0,0,0,0,-,-,0,1.6,-,-,-,6.5,0.9,9.3,514
514,Tyrod Taylor,QB,NYG,9,-,-,-,-,-,-,-,0,-,BYE,-,-,-,-,-,-,4.5,9,515
515,Joe Reed,WR,CHI,0,0.8,0,-,-,-,7.4,0,0.7,0,0,0,-,-,-,0,0,0.8,8.9,516
516,KJ Hill Jr.,WR,FA,0,0,2,0,1.3,-,-,0,-2,0,0,0,1.2,0.9,5.4,0,0,0.6,8.8,516
516,Devine Ozigbo,RB,FA,-,-,-,-,-,-,0,-,-,-,2,0,0,5,0.9,0.9,0,1.1,8.8,518
518,Chris Streveler,QB,NYJ,0.3,0,0,-,-,-,-,-,-,BYE,0,-,-,-,-,-,8.4,1.7,8.7,518
518,Jake Kumerow,WR,FA,-,-,-,-,-,-,-,-,0,0,-,0,0,0,8.7,-,-,1.5,8.7,520
520,Reggie Gilliam,RB,BUF,0,6.6,0,0,0,0,2,0,0,0,BYE,0,0,0,0,-,-,0.6,8.6,521
521,Ja'Marcus Bradley,WR,PIT,-,-,-,BYE,-,-,-,-,-,-,-,-,0,0,-,8.5,-,2.8,8.5,521
521,Steven Mitchell Jr.,WR,FA,-,-,-,-,-,-,-,-,-,-,-,0,0,5.3,0,0.7,2.5,1.4,8.5,523
523,Damion Ratley,WR,FA,0,0,3.4,4.9,0,-,-,-,-,-,-,-,-,-,-,-,-,1.7,8.3,524
524,Chris Manhertz,TE,DEN,0.9,1.3,0,2.2,0,1.1,0,1.1,0,0,0,1.6,-,0,0,0,0,0.5,8.2,524
524,Theo Riddick,RB,FA,-,-,-,1.3,-,-,-,-,-,-,-,-,1.4,0,-0.5,-,6,1.6,8.2,526
526,Courtland Sutton,WR,DEN,-,8.1,-,-,BYE,-,-,-,-,-,-,-,-,-,-,-,-,8.1,8.1,527
527,Demetrius Harris,TE,FA,0,0,3,1.1,1.4,0,2.5,0,0,0,-,0,0,0,0,-,0,0.5,8,528
528,Ashton Dulin,WR,IND,0,1.1,0,0,4.2,0,BYE,1.8,-,-,-,0,0,0,0,0.8,0,0.6,7.9,529
529,Cethan Carter,TE,FA,0,0,0.6,2.9,0,0,-,0.7,-,0,0,1,0,0,0,0,2.6,0.5,7.8,529
529,Anthony Sherman,RB,FA,0.2,0,7,-,0,-,-,-,0,-,0,0,0,0,0,0,0.6,0.7,7.8,531
531,Jonathan Ward,RB,TEN,-,-,0,0,0,0,0,-,0,0,0,0,0,0,0,0,7.6,0.5,7.6,532
532,Trent Sherfield,WR,BUF,0,0,0,0,1.1,0,0,-,0,0,0,-,0,0,0,0,6.4,0.5,7.5,533
533,Nick Keizer,TE,FA,0,0,0,0,0,0.7,2.6,1,0,-,1,0,2,0,0,0,0,0.5,7.3,533
533,Johnny Mundt,TE,MIN,0,0,0,1,0,0,6.3,0,-,0,0,0,0,0,0,0,0,0.5,7.3,535
535,Buddy Howell,RB,FA,0,0,0,0,-,-,0,-,0,0,0,0,0,5,2.2,0,0,0.5,7.2,535
535,Colin Thompson,TE,FA,-,0,0,0,0,0,0,0,0,7.2,0,0,-,0,0,0,0,0.5,7.2,537
537,Deon Yelder,TE,FA,-,-,0,1,0,0,0,1,0,-,0,0.7,0,0,1.1,1.7,1.6,0.5,7.1,537
537,Marlon Mack,RB,FA,7.1,-,-,-,-,-,-,-,-,-,-,-,-,-,-,-,-,7.1,7.1,537
537,River Cracraft,WR,MIA,-,-,-,-,-,-,BYE,0,2.3,0,-,0,0,0,2.1,0,2.7,0.8,7.1,537
537,Levine Toilolo,TE,FA,1.8,0,0,0,0,0,0,1.4,0.5,0,-,0,0,0,1.9,0,1.5,0.4,7.1,541
541,Ben DiNucci,QB,DEN,-,-,-,-,BYE,0,1.6,5.4,-,-,-,-,-,-,-,-,-,2.3,7,542
542,Nick Westbrook-Ikhine,WR,TEN,-,0,0,BYE,1.2,2,0,0,0,0,1.2,0,-,0,0,2.4,0,0.5,6.8,542
542,Jason Croom,TE,FA,-,-,-,-,0,6.8,0,0,-,-,-,-,-,-,-,-,-,1.7,6.8,542
542,Jordan Thomas,TE,CAR,-,0,0,6.8,-,0,-,-,-,-,0,0,BYE,-,-,-,-,1.1,6.8,545
545,Michael Burton,RB,DEN,0,0,0,1.2,0.2,-,0,0.1,1.8,0,0,0,0,0,1.4,1.9,-,0.4,6.6,546
546,Trenton Cannon,RB,FA,0,0,-,-,-0.1,3.7,0.7,0,0,0,0,2.3,-,-0.2,0,0,0,0.5,6.4,547
547,Isaiah Zuber,WR,FA,-,-,1.3,0.8,-,2.1,-,1.8,-,-,-,-,-,-,-,-,-,1.5,6,548
548,Juwan Johnson,TE,NO,-,-,-,-,-,BYE,0,1,-,-,-,-,0,1.6,0,2.4,0.9,0.8,5.9,548
548,Khari Blasingame,RB,CHI,1,0,0,-,-,0,0,1,0,1.8,0,2.1,0,0,0,0,0,0.4,5.9,550
550,Tanner Hudson,TE,CIN,-,0,0,0,1.4,0,1.7,0,0,0,-,-,-,-,0,2.5,-,0.5,5.6,551
551,Ted Ginn Jr.,WR,FA,0,-,3.4,2.1,0,0,-,-,-,-,-,-,-,-,-,-,-,1.1,5.5,551
551,Dontrell Hilliard,RB,FA,-,-,-,2.6,0,2.9,0,0,-,-,-,-,-,-,-,0,0,0.8,5.5,553
553,Alex Armah Jr.,RB,WAS,0.1,1.9,0,0.2,0.2,0,0.1,0,0,0.5,0,0,-,0.5,1.4,0.3,0,0.3,5.2,554
554,Seth Roberts,WR,FA,1,0,2.6,1.5,0,0,0,-,-,-,-,-,-,-,-,-,-,0.7,5.1,554
554,Brandon Zylstra,WR,FA,0,0,0,0,0,0,0.9,0,3.3,0,0,0,-,0.8,0.1,0,0,0.3,5.1,554
554,Darrius Shepherd,WR,LAC,-,-,0,3.1,-,2.1,0,1.1,0.8,-,-2,0,-,-,-,-,-,0.6,5.1,554
554,Charlie Woerner,TE,SF,0,0,0,0,0,0,0,0,0,0,BYE,0,4.3,0,-,-,0.8,0.4,5.1,558
558,Kahale Warring,TE,FA,0,-,-,-,-,-,-,-,-,-,-,0,0,0,4.2,0.8,0,0.7,5,558
558,Terry Godwin,WR,FA,-,-,-,-,-,-,-,-,-,0,0,-,-,-,-,-,5,1.7,5,560
560,Hunter Bryant,TE,FA,-,-,-,-,-,-,-,-,-,-,-,-,0,0,4.9,0,0,1,4.9,561
561,Josh Malone,WR,FA,0,4.8,0,0,-,-,-,-,-,-,-,-,-,-,-,-,-,1.2,4.8,562
562,Robert Foster,WR,FA,-,-,-,-,-,-,-,-,-,-,0,-,-,0,1.4,3.3,-,1.2,4.7,563
563,Robert Griffin III,QB,FA,0.3,-,-,-0.7,-0.1,-,-,-,-,-,-,5.1,-,-,-,-,-,1.1,4.6,564
564,Lawrence Cager,WR,NYG,-,-,4.5,0,-,-,-,-,-,-,BYE,-,-,-,-,-,-,2.3,4.5,564
564,Elijhaa Penny,RB,FA,0,0,0,0,0.3,0,0,1.6,0.2,0,-,0,0.8,0,1.6,-,-,0.3,4.5,566
566,Daniel Brown,TE,FA,0,0,0,0,0,0,0,0,0,-,0,0,0,0,0,1.8,2.3,0.3,4.1,567
567,Elliott Fry,K,DEN,-,-,-,4,BYE,-,-,-,-,-,-,-,-,-,-,-,-,4,4,567
567,Jaeden Graham,TE,FA,0,0,0,0,1.2,0,0,0,0,-,0,1.6,0,1.2,0,0,0,0.3,4,567
567,Jonathan Brown,K,FA,-,-,-,-,-,4,-,-,-,-,-,-,-,-,-,-,-,4,4,570
570,Stephen Carlson,TE,CHI,0,0,0,2,0,0,0,0,-,0,0,1.6,0,0,0,0,0,0.2,3.6,571
571,Austin Walter,RB,LV,-,-,-,-,-,BYE,-,-,0,3.5,-,0,-,-,-,-,0,0.9,3.5,571
571,Ben Ellefson,TE,FA,0,0,-,-,-,-,2,-,0,0,1.5,0,-,-,-,-,-,0.5,3.5,573
573,Rashaad Penny,RB,PHI,-,-,-,-,-,-,-,-,BYE,-,-,-,-,-,0.6,0.9,1.9,1.1,3.4,574
574,Daurice Fountain,WR,CHI,-,0,3.3,0,0,-,-,-,0,-,BYE,-,-,-,-,-,-,0.7,3.3,575
575,Bo Scarbrough,RB,FA,-,-,-,-,-,-,-,-,-,-,3.1,-,-,-,-,-,-,3.1,3.1,575
575,Dalton Keene,TE,PHI,-,-,-,-,-,-,1.3,-,BYE,-,-,-,0,0,0.7,0,1.1,0.5,3.1,575
575,Eric Saubert,TE,MIA,-,-,-,-,-,-,0,-,-,-,0.8,0,0,0.9,0,0,1.4,0.4,3.1,578
578,Antonio Callaway,WR,FA,-,-,-,-,-,-,-,-,-,-,1.8,1.2,0,0,0,-,-,0.6,3,578
578,Antonio Gandy-Golden,WR,FA,-,0.8,2.2,0,0,0,-,-,-,-,-,-,-,-,-,0,-,0.5,3,578
578,Brian Hoyer,QB,LV,-,-,-,3,-,BYE,-,-,-,-,-,-,-,-,-,-,-,3,3,581
581,Tyler Huntley,QB,BAL,-,-,-,-,-,-,BYE,-,-,-,-,-,-,-,2.1,-,0.8,1.5,2.9,582
582,David Blough,QB,ARI,-,-,-,-,-,-,-,BYE,-,-,-,-,-,-,-,2.8,-,2.8,2.8,583
583,John Ross,WR,KC,2.7,0,-,-,-,0,-,-,-,BYE,-,-,-,-,-,-,-,0.9,2.7,583
583,Andy Janovich,RB,FA,0,0.5,1.8,0,0.4,0,0,0,-,0,-,-,0,0,0,0,0,0.2,2.7,583
583,Penny Hart,WR,ATL,0,-,0,0,0,-,-,0,0,0,0,0,0,2.7,-,0,0,0.2,2.7,586
586,Colby Parkinson,TE,SEA,-,-,-,-,-,BYE,-,0,-,-,-,0,0,2.6,0,-,0,0.4,2.6,586
586,Jonathan Williams,RB,WAS,-,-,-,-,-,-,-,BYE,0,0,0,2.6,0,-,-,-,-,0.5,2.6,588
588,Tavon Austin,WR,FA,-,-,-,-,-,-,-,-,-,-,-,-,-,1.8,0,1.5,-0.8,0.6,2.5,589
589,Tommy Stevens,QB,FA,-,-,-,-,-,-,-,-,-,-,-,-,-,-,-,-,2.4,2.4,2.4,589
589,Tommylee Lewis,WR,FA,-,-,-,-,-,-,-,1,-,-,-,-,1.6,0,0,-,-0.2,0.5,2.4,589
589,Donte Moncrief,WR,FA,-,-,-,-,-,-,-,-,-,-,2,0,0.4,0,-,0,0,0.4,2.4,589
589,Jason Huntley,RB,PIT,0.1,-,-,BYE,-,0,1.3,0,-,-,-,-,-,-,-,-,1,0.5,2.4,589
589,Rico Dowdle,RB,DAL,0,-,0,0,0,1.3,0,0,0,BYE,0,0,0,0,1.1,0,0,0.2,2.4,589
589,Jameis Winston,QB,NO,-,-,-,-,-,BYE,-,-,0.2,2.3,-,0,-,-,-,-,-0.1,0.6,2.4,595
595,Scottie Phillips,RB,FA,0,-,-,-,-,-,-,-,-,-,0,0,0,0,2.1,0,0,0.3,2.1,595
595,Bennie Fowler III,WR,FA,0,0,0,0,2.1,-,-,-,-,-,-,-,-,-,-,-,-,0.4,2.1,595
595,LeVante Bellamy,RB,FA,-,0,0,0,-,-,-,-,-,-,-,-,-,-,-,2.1,0,0.4,2.1,595
595,Jaleel Scott,WR,FA,-,-,-,-,-,-,-,-,-,-,-,-,-,2.1,-,-,-,2.1,2.1,599
599,Joshua Dobbs,QB,CLE,-,-,-,-,-,-,-,-,BYE,-,-,-,-,-,-,-,2.1,2.1,2.1,600
600,Stephen Hauschka,K,FA,-,-,-,-,2,-,-,-,-,-,-,-,-,-,-,-,-,2,2,601
601,Nathan Peterman,QB,CHI,-,-,-,-,-,-,-,-,-,-,BYE,1.9,-,-,-,-,-,1.9,1.9,601
601,Derek Carrier,TE,FA,0,0,0,0,0,-,0,0,0,0,1.9,0,0,0,0,0,0,0.1,1.9,601
601,James Proche II,WR,BAL,0,0,0,0,0,0,BYE,0,0,0,1.9,0,0,0,0,-,-,0.1,1.9,601
601,Chandler Cox,RB,FA,0,0,0,0.8,1.1,0,-,-,0,-,-,-,0,-,-,-,-,0.2,1.9,605
605,Case Keenum,QB,HOU,-,-,-,-,-,1.8,-,BYE,-,-,-,-,-,-,-,0,-,0.9,1.8,605
605,Keith Kirkwood,WR,NO,-,-,-,-,-,1.8,-,-,-,-,-,-,-,-,-,-,-,1.8,1.8,605
605,Vyncint Smith,WR,IND,-,-,-,-,-,0,0,1.8,-,-,0,0,-,-,-,0,0,0.3,1.8,608
608,Luke Willson,TE,FA,0,0,-,0,0,-,-,0,-,-,0,0,1.7,-,-,-,-,0.2,1.7,608
608,Cody Hollister,WR,TEN,0,-,-,BYE,1.7,-,-,-,-,-,-,-,-,-,-,-,-,0.9,1.7,608
608,Blake Jarwin,TE,FA,1.7,-,-,-,-,-,-,-,-,-,-,-,-,-,-,-,-,1.7,1.7,608
608,Josiah Deguara,TE,GB,1.7,-,-,0,BYE,-,-,-,-,-,-,-,-,-,-,-,-,0.9,1.7,612
612,Lamar Miller,RB,FA,-,-,-,-,-,-,-,-,-,1.6,-,-,-,-,-,-,-,1.6,1.6,612
612,Marcus Kemp,WR,WAS,0,0,0,-,-,0,1.6,0,-,-,-,0,0,0,-,-,0,0.2,1.6,614
614,Temarrick Hemingway,TE,FA,-,-,-,-,1.5,0,0,-,0,0,0,0,0,-,-,-,-,0.2,1.5,614
614,Dwayne Washington,RB,FA,-,-,0,0,0,-,0,0,0.9,-,-,0.6,0,0,0,0,-,0.1,1.5,614
614,Jake Butt,TE,FA,0.5,0,1,0,-,0,-,-,-,-,-,-,-,-,-,-,-,0.3,1.5,614
614,Gehrig Dieter,WR,FA,-,-,-,-,-,-,-,-,0,-,0,-,-,-,-,0,1.5,0.4,1.5,618
618,D.J. Foster,RB,FA,0,0,-,-,-,-,-,-,1.4,0,0,0,0,-,0,0,0,0.1,1.4,619
619,Tony Jones Jr.,RB,DEN,-,-,-,-,BYE,-,-,-,-,-,-,-,-,-,-,-,1.3,1.3,1.3,620
620,Logan Woodside,QB,ATL,-,-,-,-,-,-,-,-,-,0,0.3,-0.5,-,1.8,-0.3,0,-,0.2,1.3,621
621,Craig Reynolds,RB,DET,-,-,-,-,BYE,-,-,-,-,-,-,0,-,-,-,1.2,-,0.6,1.2,622
622,Geno Smith,QB,SEA,-,-,-,-,-,BYE,-,-,-,-,-,-,-,1.1,-,-,-,1.1,1.1,622
622,Andre Roberts,WR,FA,0,0,0,0.8,0.1,0,0,0,0,0,-,0,0,0,-2,2.2,-,0.1,1.1,622
622,Jeremy Sprinkle,TE,FA,0,0,0,0,0,0,1.1,-,0,0,0,0,0,0,0,0,0,0.1,1.1,622
622,Brandon Dillon,TE,WAS,-,-,-,-,-,-,-,BYE,-,0,-,1.1,0,-,-,-,-,0.4,1.1,622
622,Cullen Gillaspia,RB,FA,-,0,1.1,-,0,0,0,-,0,0,-,-,-,-,-,-,-,0.2,1.1,627
627,Taylor Russolino,K,FA,-,-,-,-,-,-,-,-,-,-,-,-,-,-,1,-,-,1,1,627
627,Trevon Wesco,TE,TEN,0,0,0,0,1,0,0,0,-,-,-,-,-,0,0,0,0,0.1,1,627
627,Trenton Irwin,WR,CIN,-,-,-,-,-,-,-,-,BYE,-,-,-,-,-,-,1,-,1,1,627
627,Brandon Wright,K,FA,-,-,1,-,-,-,-,-,-,-,-,-,-,-,-,-,-,1,1,631
631,Senorise Perry,RB,FA,0,0.9,-,-,-,-,-,-,-,-,0,0,0,0,0,-,-,0.1,0.9,632
632,Isaac Nauta,TE,FA,-,-,-,-,-,0,0.8,0,0,0,0,0,-,-,-,-,-,0.1,0.8,632
632,Dexter Williams,RB,FA,-,-,-,-,-,-,0,-,0.8,-,-,-,-,-,-,0,-,0.3,0.8,632
632,AJ McCarron,QB,FA,-,-,-,-,-,-,-,-,-,-,-,-,-,0,-,-,0.8,0.4,0.8,635
635,Tyler Bray,QB,FA,-,-,-,-,-,-,-,-,-,0.7,-,-,-,-,-,-,-,0.7,0.7,635
635,Bruce Miller,TE,FA,0.7,0,0,0,0,0,0,-,-,-,-,-,-,-,-,0,-,0.1,0.7,635
635,Marcus Baugh,TE,FA,0,0.7,0,0,-,-,-,-,-,-,-,-,-,0,0,0,0,0.1,0.7,638
638,John Lovett,QB,MIA,0,0,0,0,-,0,0,0,0.6,-,-,-,-,-,-,-,-,0.1,0.6,639
639,Tony Brooks-James,RB,FA,-,-,-,-,-,-,-,-,-,-,-,0.4,-,-,-,-,-,0.4,0.4,640
640,JoJo Natson,WR,FA,0,0,0.3,-,-,-,-,-,-,-,-,-,-,-,-,-,-,0.1,0.3,640
640,Qadree Ollison,RB,JAC,-,-,0,-,-,-,-,0.3,0,-,-,-,-,-,-,-,-,0.1,0.3,642
642,Hale Hentges,TE,FA,-,-,-,-,-,-,-,-,-,-,-,-,-,-,-,-,0,0,0,642
642,Michael Warren II,RB,FA,-,-,-,-,-,-,-,-,-,-,-,-,-,-,0,-,-,0,0,642
642,Javon Leake,RB,FA,-,-,-,-,-,-,-,-,-,-,-,-,-,0,-,-,-,0,0,642
642,Isaiah Coulter,WR,BUF,-,-,-,-,-,-,-,-,-,-,BYE,-,-,0,-,-,-,0,0,642
642,Juwann Winfree,WR,IND,-,-,-,-,-,-,BYE,-,-,0,-,-,-,0,-,-,-,0,0,642
642,Dezmon Patmon,WR,BUF,-,-,-,-,-,-,-,-,-,-,BYE,-,-,-,-,-,0,0,0,642
642,Stanley Morgan Jr.,WR,CIN,-,-,-,-,-,-,-,-,BYE,0,-,-,0,0,0,0,0,0,0,642
642,Nate Becker,TE,FA,-,-,-,-,-,-,-,-,-,-,-,-,-,-,-,-,0,0,0,642
642,Brycen Hopkins,TE,LAR,-,-,-,-,-,-,-,-,BYE,-,-,0,-,0,0,-,0,0,0,642
642,Mike White,QB,MIA,-,-,-,-,-,-,BYE,-,-,-,0,-,-,-,-,-,-,0,0,642
642,Sewo Olonilua,RB,FA,-,-,-,-,-,-,-,-,-,-,-,-,-,-,0,0,-,0,0,642
642,Kevin Rader,TE,TEN,-,-,-,BYE,-,-,-,-,-,-,-,-,-,-,-,-,0,0,0,642
642,Matt Sokol,TE,NE,-,-,-,-,BYE,-,-,-,-,-,-,-,-,-,-,0,0,0,0,642
642,Johnny Stanton IV,RB,FA,-,-,-,-,-,-,-,-,-,-,0,-,-,-,-,-,-,0,0,642
642,Elijah Holyfield,RB,FA,-,-,-,-,-,-,-,-,-,-,0,-,-,-,-,-,-,0,0,642
642,Seth DeValve,TE,FA,-,-,-,-,-,-,-,-,-,-,-,-,0,0,-,0,0,0,0,642
642,Chris Rowland,WR,FA,-,-,-,-,-,-,-,-,-,-,-,-,-,-,-,0,0,0,0,642
642,Jordan Matthews,WR,FA,-,-,-,-,-,-,-,-,-,-,-,-,-,-,-,0,0,0,0,642
642,Derrick Willies,WR,FA,-,-,-,-,-,-,-,-,-,-,-,-,-,-,-,0,-,0,0,642
642,Trey Quinn,WR,FA,-,-,-,-,-,-,-,-,-,-,-,0,-,-,-,-,-,0,0,642
642,Joe Webb III,QB,FA,-,-,-,-,-,-,-,-,-,-,-,-,-,-,0,0,-,0,0,642
642,Sean Culkin,TE,FA,-,-,-,-,-,-,-,-,-,-,-,0,-,-,-,-,-,0,0,642
642,Wendell Smallwood,RB,FA,-,-,-,-,-,-,-,-,-,-,-,0,-,-,-,-,-,0,0,642
642,Jake Bargas,TE,NO,-,-,-,-,-,BYE,-,-,-,-,-,-,-,-,-,0,-,0,0,642
642,Cyril Grayson Jr.,WR,FA,-,0,-,-,0,0,-,-,-,-,-,-,-,-,-,-,-,0,0,642
642,Caleb Wilson,TE,FA,-,-,-,-,-,-,-,-,-,0,0,0,-,-,-,0,0,0,0,642
642,Derek Watt,RB,FA,0,0,0,-,-,0,-,-,-,0,0,0,0,0,0,0,0,0,0,642
642,Zach Gentry,TE,PIT,-,-,-,BYE,-,-,-,-,-,0,0,-,-,-,-,-,-,0,0,642
642,Deante Burton,WR,FA,-,-,0,-,-,-,-,-,-,-,-,0,0,0,-,-,-,0,0,642
642,Tyler Davis,TE,GB,-,-,0,0,0,0,-,-,0,0,-,-,-,-,0,-,0,0,0,642
642,Mason Schreck,TE,HOU,-,-,0,0,0,0,0,0,-,0,0,0,0,0,0,0,0,0,0,642
642,Raymond Calais,RB,FA,-,-,0,0,-,-,0,-,-,-,-,-,-,-,-,-,0,0,0,642
642,Kenjon Barner,RB,FA,-,-,0,0,-,-,-,-,-,-,0,-,-,0,0,0,-,0,0,642
642,Antony Auclair,TE,FA,0,-,-,-,-,-,-,0,0,0,0,0,-,0,-,-,0,0,0,642
642,Noah Togiai,TE,ARI,-,0,0,-,-,0,-,BYE,-,0,-,-,-,-,-,-,-,0,0,642
642,Farrod Green,TE,FA,-,0,-,-,-,-,-,-,-,-,-,-,-,-,-,-,-,0,0,642
642,Sean McKeon,TE,DAL,-,0,0,-,0,0,0,0,0,BYE,0,0,0,0,0,0,0,0,0,642
642,Darius Bradwell,RB,FA,-,0,0,-,-,-,-,-,-,-,-,-,-,-,-,-,-,0,0,642
642,Kyle Nelson,TE,FA,0,0,0,-,-,-,-,-,-,-,-,-,-,-,-,-,-,0,0,642
642,Taiwan Jones,RB,FA,0,0,0,0,0,0,0,0,-,-,-,0,0,0,0,0,-,0,0,642
642,Xavier Jones,RB,FA,0,0,0,0,0,0,-,0,-,0,0,0,0,-,-,0,0,0,0,642
642,Quinton Bell,WR,FA,0,0,0,0,0,-,-,-,-,-,-,-,-,-,-,-,-,0,0,642
642,Tajae Sharpe,WR,FA,0,0,-,-,-,-,-,-,-,-,-,0,-,0,-,-,-,0,0,642
642,Matthew Slater,WR,NE,0,0,0,-,BYE,0,0,0,0,0,0,0,0,0,0,0,0,0,0,642
642,Dan Chisena,WR,PIT,0,0,0,0,0,0,-,-,0,0,-,0,0,0,0,0,0,0,0,642
642,Malik Turner,WR,IND,0,0,0,0,-,-,BYE,-,-,-,-,-,-,-,-,0,0,0,0,642
642,J.P. Holtz,TE,FA,0,0,0,0,0,0,0,0,0,0,-,0,0,0,0,0,0,0,0,642
642,K.J. Osborn,WR,MIN,0,0,-,0,-,-,BYE,0,0,0,0,-,0,-,-,0,-,0,0,642
642,Justin Hardee,WR,NYJ,0,0,0,0,-,-,0,0,-,BYE,-,-,-,0,0,0,0,0,0,642
642,Eric Tomlinson,TE,FA,0,-,-,-,-,-,-,-,-,-,-,0,0,0,0,0,0,0,0,642
642,Andrew Beck,TE,HOU,0,0,0,0,-,0,-,BYE,-,-,-,-,0,0,0,0,0,0,0,642
642,Beau Brinkley,TE,FA,0,0,0,-,0,0,0,0,-,-,-,-,-,-,-,-,-,0,0,642
642,Clark Harris,TE,FA,0,0,0,0,0,0,0,0,-,0,0,0,0,0,0,0,0,0,0,642
642,Garrett Griffin,TE,FA,-,-,-,0,0,-,-,-,-,-,0,-,-,-,-,-,0,0,0,642
642,Nathan Cottrell,RB,FA,0,-,-,-,-,-,-,-,-,-,0,0,0,0,0,0,0,0,0,642
642,Reggie Begelton,WR,FA,-,-,-,0,-,-,-,-,-,-,-,-,-,-,-,-,-,0,0,642
642,Hakeem Butler,WR,PIT,-,-,-,BYE,-,0,0,-,-,-,-,-,-,-,-,-,-,0,0,642
642,Chris Myarick,TE,NYG,-,-,-,-,-,-,-,-,-,0,BYE,-,-,0,0,-,-,0,0,642
642,Kristian Wilkerson,WR,LV,-,-,-,-,-,BYE,-,-,0,-,-,-,-,-,-,-,-,0,0,642
642,Kirk Merritt,WR,NO,-,-,-,-,-,BYE,-,-,0,-,-,-,-,-,-,-,-,0,0,642
642,Ross Travis,TE,FA,-,-,-,-,-,-,-,-,0,-,-,-,-,-,-,-,-,0,0,642
642,Marken Michel,WR,FA,-,-,-,-,-,-,-,0,-,-,-,-,-,0,-,-,-,0,0,642
642,Fred Brown,WR,FA,-,-,-,-,-,-,-,0,-,-,-,-,-,-,-,-,-,0,0,642
642,Chris Moore,WR,TEN,-,-,-,BYE,-,-,-,0,-,-,-,-,-,-,-,0,0,0,0,642
642,Stephen Sullivan,TE,CAR,-,-,-,-,-,-,-,0,-,-,-,-,BYE,-,-,-,-,0,0,642
642,Brandin Bryant,RB,FA,-,-,-,-,-,-,-,0,-,-,-,-,-,-,-,-,-,0,0,642
642,Jeff Badet,WR,FA,-,-,-,-,-,-,0,-,0,0,-,-,-,-,-,-,-,0,0,642
642,Jason Moore Jr.,WR,FA,-,-,-,0,-,-,-,0,-,-,-,-,-,-,-,-,-,0,0,642
642,Alex Bachman,WR,HOU,-,-,-,-,-,-,0,BYE,-,-,-,-,-,-,-,-,-,0,0,642
642,Duke Williams,WR,FA,-,-,-,-,-,-,0,-,-,-,-,-,-,-,-,-,-,0,0,642
642,Deon Cain,WR,FA,-,-,-,-,-,0,-,-,-,-,-,-,-,-,-,-,0,0,0,642
642,Rashod Berry,TE,IND,-,-,-,-,-,0,BYE,-,-,-,-,-,0,-,-,-,0,0,0,642
642,Keelan Doss,WR,LAC,-,-,-,0,-,BYE,-,-,-,-,-,-,-,-,-,-,-,0,0,642
642,Trey Edmunds,RB,FA,-,-,-,-,0,-,0,0,-,0,-,-,-,-,-,-,-,0,0,642
642,Evan Baylis,TE,FA,-,-,-,-,0,0,0,-,-,-,0,0,-,-,-,-,-,0,0,642
642,Kevin White,WR,FA,-,-,-,-,0,0,-,-,0,-,-,-,-,-,-,-,-,0,0,642
642,Jeremy Cox,RB,FA,-,-,-,-,-,0,0,0,0,0,0,0,-,-,-,-,-,0,0,642
642,Ricky Seals-Jones,TE,FA,-,-,-,-,-,0,-,-,-,-,-,-,-,-,-,0,-,0,0,642
642,Daniel Helm,TE,FA,-,-,-,-,-,0,-,-,0,0,-,-,-,-,0,0,-,0,0,642
642,Taywan Taylor,WR,FA,-,-,-,-,-,0,-,0,-,-,-,0,-,-,-,-,-,0,0,642
642,Matt Cole,WR,FA,-,-,-,-,-,-,-,-,-,-,-,-,-,-,-,-,0,0,0,723
723,Easton Stick,QB,LAC,-,-,-,-,-,BYE,0,-,-,-,-,-,-,-,-,-,-,0,-0,724
724,Matt Schaub,QB,FA,-,-,-,-,-,-,-,-,-,-,-,-0.4,-,-,-,-,-,-0.4,-0.4,725
725,Adrian Killins Jr.,RB,FA,-,-,-,-0.5,-,-,-,-,-,-,-,-,-,-,-,-,-,-0.5,-0.5,726
726,Nate Sudfeld,QB,DET,-,-,-,-,BYE,-,-,-,-,-,-,-,-,-,-,-,-0.5,-0.5,-0.5,727
727,DeAndre Carter,WR,LV,1.3,0,0,-2,0,0,0,-,0,0,-,0,0,-,-,0,0,-0.1,-0.7,728
728,Kendall Hinton,WR,DEN,-,-,-,-,BYE,-,-,-,-,-,-,-0.8,-,-,-,-,-,-0.8,-0.8,729
729,Tim Boyle,QB,NYJ,-0.2,-0.1,-,-0.1,-,0,-0.1,-,-0.1,BYE,-,0,-,-,-,-0.3,-,-0.1,-0.9,730
730,Dede Westbrook,WR,FA,-,-,0.9,-,-,-,-2,-,-,-,-,-,-,-,-,-,-,-0.6,-1.1,731
731,Nsimba Webster,WR,CHI,0,0,0,0,0,0,0,0,-,0,0,0,-2,0,0,0,0,-0.1,-2,731
731,Dwayne Harris,WR,FA,-,-,-,-,-,-,-,0,0,-2,-,-,-,-,-,-,-,-0.7,-2,733
733,Ty Long,K,FA,0,0,0,0,0,-,0,0,0,0,-2.8,0,0,0,0,0,0,-0.2,-2.8
